Date, Type, Sender, Receiver, Content, ChannelName, RuleName, RuleGroupName
'16.05.2022 17:56:57', 'chat', 'KatieDeForest', '', './server factions', 'English', '', ''
'16.05.2022 22:58:03', 'chat', 'NovaPhantom23', '', 'sure', 'English', '', ''
'16.05.2022 22:58:28', 'chat', 'NovaPhantom23', '', 'holy shi-', 'English', '', ''
'16.05.2022 22:59:07', 'chat', 'NovaPhantom23', '', 'well i guess i ahve some competition then', 'English', '', ''
'16.05.2022 22:59:49', 'chat', 'NovaPhantom23', '', 'ill have to pull out the big ideas', 'English', '', ''
'16.05.2022 23:00:25', 'chat', 'NovaPhantom23', '', 'fair enough lol', 'English', '', ''
'16.05.2022 23:00:50', 'chat', 'NovaPhantom23', '', 'im wondering what im going to go for. im thinking a castle', 'English', '', ''
'16.05.2022 23:01:08', 'chat', 'NovaPhantom23', '', 'yiss', 'English', '', ''
'16.05.2022 23:01:26', 'chat', 'NovaPhantom23', '', 'not anymore', 'English', '', ''
'16.05.2022 23:01:42', 'chat', 'NovaPhantom23', '', 'are you trying to suggest somthing lmaooo', 'English', '', ''
'16.05.2022 23:01:59', 'chat', 'NovaPhantom23', '', 'XD', 'English', '', ''
'16.05.2022 23:02:24', 'chat', 'NovaPhantom23', '', 'now we are both completely lost lmaooooo', 'English', '', ''
'16.05.2022 23:02:34', 'chat', 'NovaPhantom23', '', 'well i had better go choose a plot', 'English', '', ''
'16.05.2022 23:03:13', 'chat', 'NovaPhantom23', '', 'problem is that i need a big plot', 'English', '', ''
'16.05.2022 23:03:56', 'chat', 'NovaPhantom23', '', 'apparently ita already claimed', 'English', '', ''
'16.05.2022 23:06:09', 'chat', 'NovaPhantom23', '', 'ok. so how do i merge them. im guessing there is a command', 'English', '', ''
'16.05.2022 23:07:19', 'chat', 'NovaPhantom23', '', 'welp. guess i had better start planning my builkd', 'English', '', ''
'16.05.2022 23:09:50', 'chat', 'NovaPhantom23', '', 'ive been playing since beta 1.7', 'English', '', ''
'16.05.2022 23:11:12', 'chat', 'NovaPhantom23', '', 'i once had a world on xbox where i built and entire city', 'English', '', ''
'16.05.2022 23:11:33', 'chat', 'NovaPhantom23', '', 'unfortunatley it was lost to time though,/ but i remember it. took me 2 years', 'English', '', ''
'16.05.2022 23:13:05', 'chat', 'NovaPhantom23', '', 'im working on a backup and storage system that is completely ott', 'English', '', ''
'16.05.2022 23:13:26', 'chat', 'NovaPhantom23', '', 'over the top', 'English', '', ''
'16.05.2022 23:15:24', 'chat', 'NovaPhantom23', '', 'same here. i need to be earning 26k a year in order to live independantly', 'English', '', ''
'16.05.2022 23:16:41', 'chat', 'NovaPhantom23', '', 'apartments are not too bad here but i want to be in a house for many reasons but the biggest is networking', 'English', '', ''
'16.05.2022 23:17:52', 'chat', 'NovaPhantom23', '', 'thats very expensive', 'English', '', ''
'16.05.2022 23:18:30', 'chat', 'NovaPhantom23', '', 'uk', 'English', '', ''
'16.05.2022 23:19:10', 'chat', 'NovaPhantom23', '', 'id rather not live in the us though lmao', 'English', '', ''
'16.05.2022 23:19:34', 'chat', 'NovaPhantom23', '', 'canada', 'English', '', ''
'16.05.2022 23:19:51', 'chat', 'NovaPhantom23', '', 'thats basicly the only real choice', 'English', '', ''
'16.05.2022 23:20:09', 'chat', 'NovaPhantom23', '', ':(', 'English', '', ''
'16.05.2022 23:20:14', 'chat', 'NovaPhantom23', '', 'im sorry to hear that', 'English', '', ''
'16.05.2022 23:21:51', 'chat', 'NovaPhantom23', '', 'that sucks', 'English', '', ''
'16.05.2022 23:22:36', 'chat', 'NovaPhantom23', '', ';3', 'English', '', ''
'16.05.2022 23:22:59', 'chat', 'NovaPhantom23', '', 'check my discord bio for an idea lmaooo', 'English', '', ''
'16.05.2022 23:24:08', 'chat', 'NovaPhantom23', '', 'who said im not a switch', 'English', '', ''
'16.05.2022 23:24:10', 'chat', 'NovaPhantom23', '', 'brb', 'English', '', ''
'16.05.2022 23:28:43', 'chat', 'NovaPhantom23', '', 'slut can go both ways lmaooo', 'English', '', ''
'16.05.2022 23:28:43', 'chat', 'NovaPhantom23', '', 'slut can go both ways lmaooo', 'English', '', 'swear'
'16.05.2022 23:28:43', 'chat', 'NovaPhantom23', '', '***** can go both ways lmaooo', 'English', '', ''
'16.05.2022 23:29:33', 'chat', 'NovaPhantom23', '', 'obviously lmaooo', 'English', '', ''
'16.05.2022 23:30:09', 'chat', 'NovaPhantom23', '', 'sure', 'English', '', ''
'16.05.2022 23:30:28', 'chat', 'NovaPhantom23', '', 'i have to do a new one. but i wont lie i am defo a sub lmaoo', 'English', '', ''
'16.05.2022 23:31:04', 'chat', 'NovaPhantom23', '', 'no need to be ashamed of what you like. i say that but i still skirt the vocabulary', 'English', '', ''
'16.05.2022 23:31:52', 'chat', 'NovaPhantom23', '', 'also wanna get in vc? building and typing is tiring lmao', 'English', '', ''
'16.05.2022 23:32:40', 'chat', 'NovaPhantom23', '', 'that sucks', 'English', '', ''
'16.05.2022 23:33:14', 'chat', 'NovaPhantom23', '', 'mine are not nearly that strict', 'English', '', ''
'16.05.2022 23:33:47', 'chat', 'NovaPhantom23', '', 'why are our tests so simmilar lmao', 'English', '', ''
'16.05.2022 23:35:48', 'chat', 'NovaPhantom23', '', 'hold on. ill send you an old one i did', 'English', '', ''
'16.05.2022 23:37:17', 'chat', 'NovaPhantom23', '', 'yea. after being used i coulnt go back lmao', 'English', '', ''
'16.05.2022 23:37:45', 'chat', 'NovaPhantom23', '', 'yea', 'English', '', ''
'16.05.2022 23:43:52', 'chat', 'NovaPhantom23', '', 'yea. im still super subby though', 'English', '', ''
'16.05.2022 23:44:02', 'chat', 'NovaPhantom23', '', 'fun fact. i used to be a vrc escord', 'English', '', ''
'16.05.2022 23:44:09', 'chat', 'NovaPhantom23', '', 'escort*', 'English', '', ''
'16.05.2022 23:44:19', 'chat', 'NovaPhantom23', '', 'people would pay me to erp', 'English', '', ''
'16.05.2022 23:44:41', 'chat', 'NovaPhantom23', '', 'its suprising how lonely people are. but erp is alot esier in vr lmaooo', 'English', '', ''
'16.05.2022 23:45:24', 'chat', 'NovaPhantom23', '', 'wanna go in with me', 'English', '', ''
'16.05.2022 23:46:32', 'chat', 'NovaPhantom23', '', 'same but i do it so i can voice train', 'English', '', ''
'16.05.2022 23:47:28', 'chat', 'NovaPhantom23', '', 'well if you want i could send you a few videos that helped me', 'English', '', ''
'16.05.2022 23:49:07', 'chat', 'NovaPhantom23', '', 'sure', 'English', '', ''
'16.05.2022 23:50:11', 'chat', 'NovaPhantom23', '', 'owww. i had my volume on 100%', 'English', '', ''
'16.05.2022 23:50:43', 'chat', 'NovaPhantom23', '', 'WHATTTT', 'English', '', ''
'16.05.2022 23:51:13', 'chat', 'NovaPhantom23', '', 'HUH,/ I CANT HEAR YOU', 'English', '', ''
'16.05.2022 23:51:30', 'chat', 'NovaPhantom23', '', 'HAHAHAHA', 'English', '', ''
'16.05.2022 23:51:55', 'chat', 'NovaPhantom23', '', 'yes i can UwU', 'English', '', ''
'16.05.2022 23:54:44', 'chat', 'NovaPhantom23', '', 'well ill be available at like 8-9 pm your time', 'English', '', ''
'16.05.2022 23:55:47', 'chat', 'NovaPhantom23', '', 'sounds good', 'English', '', ''
'16.05.2022 23:55:56', 'chat', 'NovaPhantom23', '', 'btw. do you like the first tower', 'English', '', ''
'16.05.2022 23:57:16', 'chat', 'NovaPhantom23', '', 'well the inside is just a quick thing. the outside is what im more worried about. i think it needs more texture', 'English', '', ''
'16.05.2022 23:57:58', 'chat', 'NovaPhantom23', '', 'i agree. well it will ahve more once the walls are added', 'English', '', ''
'16.05.2022 23:58:19', 'chat', 'NovaPhantom23', '', 'ikr', 'English', '', ''
'16.05.2022 23:58:33', 'chat', 'NovaPhantom23', '', 'ew indeed', 'English', '', ''
'17.05.2022 00:01:27', 'chat', 'NovaPhantom23', '', 'ok yea. with the walls it looks alot better', 'English', '', ''
'17.05.2022 00:02:01', 'chat', 'NovaPhantom23', '', 'the walls will ahve a decayed look aswell as the tower. for now im mostly working in the template', 'English', '', ''
'17.05.2022 00:02:27', 'chat', 'NovaPhantom23', '', 'do i have world edit?', 'English', '', ''
'17.05.2022 00:03:07', 'chat', 'NovaPhantom23', '', 'ok. well it hopefully does. does this one use the wooden axe', 'English', '', ''
'17.05.2022 00:03:42', 'chat', 'NovaPhantom23', '', 'yea. i was planning to copy and paste all these corners', 'English', '', ''
'17.05.2022 00:04:12', 'chat', 'NovaPhantom23', '', 'ill check once ive done this bit of wall', 'English', '', ''
'17.05.2022 00:04:42', 'chat', 'NovaPhantom23', '', 'not at al;l', 'English', '', ''
'17.05.2022 00:08:20', 'chat', 'NovaPhantom23', '', 'welp time to see if i remember how to copy and paste', 'English', '', ''
'17.05.2022 00:11:24', 'chat', 'NovaPhantom23', '', 'ugh. why is world edit always so annoying', 'English', '', ''
'17.05.2022 00:11:46', 'chat', 'NovaPhantom23', '', 'am i able to use baritone on this server', 'English', '', ''
'17.05.2022 00:12:15', 'chat', 'NovaPhantom23', '', 'its a bot client. i use it for repetive building in creative worlds', 'English', '', ''
'17.05.2022 00:13:37', 'chat', 'NovaPhantom23', '', 'well it depends what client its in then. the one i ahve most experince with is impact as i use that for 2b2t', 'English', '', ''
'17.05.2022 00:15:22', 'chat', 'NovaPhantom23', '', 'shame. ill have to redo my old build bot then', 'English', '', ''
'17.05.2022 00:15:40', 'chat', 'NovaPhantom23', '', 'eh. less fun', 'English', '', ''
'17.05.2022 00:16:05', 'chat', 'NovaPhantom23', '', 'i jsut forget how to rotate. its been a long time since i used world edit lol', 'English', '', ''
'17.05.2022 00:20:07', 'chat', 'NovaPhantom23', '', 'i dont ahve perms for that', 'English', '', ''
'17.05.2022 00:26:36', 'chat', 'NovaPhantom23', '', 'there we go', 'English', '', ''
'17.05.2022 00:26:45', 'chat', 'NovaPhantom23', '', 'that was much harder than it needed to be', 'English', '', ''
'17.05.2022 00:26:58', 'chat', 'NovaPhantom23', '', 'lmaooo', 'English', '', ''
'17.05.2022 00:27:02', 'chat', 'NovaPhantom23', '', 'i can work it out', 'English', '', ''
'17.05.2022 00:27:08', 'chat', 'NovaPhantom23', '', 'eventaully', 'English', '', ''
'17.05.2022 00:29:12', 'chat', 'NovaPhantom23', '', 'one wall finished', 'English', '', ''
'17.05.2022 00:29:34', 'chat', 'NovaPhantom23', '', 'well. done to the point of i can start ot do more planning', 'English', '', ''
'17.05.2022 00:31:19', 'chat', 'NovaPhantom23', '', 'lol', 'English', '', ''
'17.05.2022 00:31:34', 'chat', 'NovaPhantom23', '', 'well i need to go to sleep. got work in the morning q_q', 'English', '', ''
'17.05.2022 00:32:09', 'chat', 'NovaPhantom23', '', 'yea. also means its time to take the skirt off T-T', 'English', '', ''
'17.05.2022 00:33:30', 'chat', 'NovaPhantom23', '', 'well before i got to sleep i need to do my lunch for tomorrow', 'English', '', ''
'17.05.2022 00:34:00', 'chat', 'NovaPhantom23', '', 'lol. well ttyl hun', 'English', '', ''
'17.05.2022 22:02:30', 'chat', 'NovaPhantom23', '', 'they look suprisingly good considering curves in minecraft nevfer go well lol', 'English', '', ''
'17.05.2022 22:06:33', 'chat', 'NovaPhantom23', '', 'slight difference', 'English', '', ''
'17.05.2022 22:59:28', 'chat', 'NovaPhantom23', '', 'oof', 'English', '', ''
'17.05.2022 22:59:36', 'chat', 'NovaPhantom23', '', 'maybe build somthing else for a bit', 'English', '', ''
'17.05.2022 23:01:11', 'chat', 'NovaPhantom23', '', 'not yet', 'English', '', ''
'17.05.2022 23:01:31', 'chat', 'NovaPhantom23', '', 'yea i see what you mean. defo not easy', 'English', '', ''
'17.05.2022 23:03:22', 'chat', 'NovaPhantom23', '', 'nothing wrong with the classic 4 corners', 'English', '', ''
'17.05.2022 23:03:49', 'chat', 'NovaPhantom23', '', 'idk. my build is not going to be easy when i get to the next b', 'English', '', ''
'17.05.2022 23:04:40', 'chat', 'NovaPhantom23', '', 'well i need to start zoning. then i need to plan the main castle and town', 'English', '', ''
'17.05.2022 23:05:26', 'chat', 'NovaPhantom23', '', 'and once its planned i need to build it which will be. well lets just say fun', 'English', '', ''
'17.05.2022 23:05:30', 'chat', 'NovaPhantom23', '', 'brb', 'English', '', ''
'17.05.2022 23:08:23', 'chat', 'NovaPhantom23', '', 'back', 'English', '', ''
'17.05.2022 23:08:47', 'chat', 'NovaPhantom23', '', 'well im happy with the wall. ill get all the detail work done later', 'English', '', ''
'17.05.2022 23:09:49', 'chat', 'NovaPhantom23', '', 'yea. ik what you mean', 'English', '', ''
'17.05.2022 23:11:03', 'chat', 'NovaPhantom23', '', 'would be nice ngl', 'English', '', ''
'17.05.2022 23:12:02', 'chat', 'NovaPhantom23', '', 'might be worth diabling beacon effects for new', 'English', '', ''
'17.05.2022 23:12:08', 'chat', 'NovaPhantom23', '', 'now*', 'English', '', ''
'17.05.2022 23:13:00', 'chat', 'NovaPhantom23', '', 'well ima chill for a bit and then go to bed. good night', 'English', '', ''
'17.05.2022 23:13:31', 'chat', 'NovaPhantom23', '', 'thank uuuu :3', 'English', '', ''
'10.06.2022 23:51:21', 'chat', 'Pink_soul', '', 'cool', 'English', '', ''
'10.06.2022 23:53:23', 'chat', 'Pink_soul', '', 'very big', 'English', '', ''
'10.06.2022 23:53:51', 'chat', 'Pink_soul', '', 'okii', 'English', '', ''
'10.06.2022 23:54:25', 'chat', 'Pink_soul', '', 'i think i'm going to bed', 'English', '', ''
'10.06.2022 23:54:33', 'chat', 'Pink_soul', '', 'so good niight', 'English', '', ''
'10.06.2022 23:54:51', 'chat', 'Pink_soul', '', 'yyyyyyyyyeeeeeee', 'English', '', ''
'22.06.2022 22:16:29', 'chat', 'ComboHT', '', 'Hejsa hejsa', 'English', '', ''
'22.06.2022 22:31:39', 'chat', 'ComboHT', '', 'Hejsa =D', 'English', '', ''
'03.07.2022 21:44:33', 'chat', 'KatieDeForest', '', 'Hey everyone :D', 'English', '', ''
'03.07.2022 21:44:38', 'chat', 'P0larbear_', '', 'dansk', 'English', '', ''
'03.07.2022 21:44:40', 'chat', 'pro2003gg', '', 'hej', 'English', '', ''
'03.07.2022 21:44:44', 'chat', 'P0larbear_', '', 'halløjsa', 'English', '', ''
'03.07.2022 21:44:44', 'chat', 'KatieDeForest', '', 'Hej allesammen', 'English', '', ''
'03.07.2022 21:45:29', 'chat', 'KatieDeForest', '', 'Velkommen til serveren ^o^', 'English', '', ''
'03.07.2022 22:12:34', 'chat', 'KatieDeForest', '', 'what the', 'English', '', ''
'03.07.2022 22:12:46', 'chat', 'P0larbear_', '', 'vi er gode mennesker', 'English', '', ''
'03.07.2022 22:13:04', 'chat', 'KatieDeForest', '', 'Jeg efterlader jer i få minutter,/ hvad sker der xDD', 'English', '', ''
'03.07.2022 22:15:57', 'chat', 'KatieDeForest', '', 'Somebody's hungry', 'English', '', ''
'03.07.2022 22:16:33', 'chat', 'KatieDeForest', '', 'Is it 4 different plot owners Simon?', 'English', '', ''
'03.07.2022 22:17:17', 'chat', 'KatieDeForest', '', 'This one is connected with the other ladder one', 'English', '', ''
'03.07.2022 22:17:23', 'chat', 'KatieDeForest', '', 'But somehow it didn't merge', 'English', '', ''
'03.07.2022 22:17:44', 'chat', 'KatieDeForest', '', 'And now its fine', 'English', '', ''
'03.07.2022 22:17:45', 'chat', 'KatieDeForest', '', 'wtf', 'English', '', ''
'03.07.2022 22:17:57', 'chat', 'KatieDeForest', '', 'ehh', 'English', '', ''
'03.07.2022 22:18:31', 'chat', 'KatieDeForest', '', 'I guess use plot clear instead', 'English', '', ''
'03.07.2022 22:18:36', 'chat', 'KatieDeForest', '', 'But yeah', 'English', '', ''
'03.07.2022 22:18:42', 'chat', 'KatieDeForest', '', 'Air should be placeable', 'English', '', ''
'03.07.2022 22:18:49', 'chat', 'KatieDeForest', '', 'Perhaps a setting in the config', 'English', '', ''
'03.07.2022 22:18:54', 'chat', 'P0larbear_', '', 'my pc is on fire', 'English', '', ''
'03.07.2022 22:19:06', 'chat', 'KatieDeForest', '', 'I'm still running a good 300 fps', 'English', '', ''
'03.07.2022 22:19:15', 'chat', 'KatieDeForest', '', 'But I usually have 600-800', 'English', '', ''
'03.07.2022 22:19:19', 'chat', 'KatieDeForest', '', 'So something has happened xD', 'English', '', ''
'03.07.2022 22:19:20', 'chat', 'P0larbear_', '', 'im on a whooping 7 fps', 'English', '', ''
'03.07.2022 22:19:59', 'chat', 'KatieDeForest', '', 'wtf', 'English', '', ''
'03.07.2022 22:20:28', 'chat', 'KatieDeForest', '', 'Can they set barrier blocks?', 'English', '', ''
'03.07.2022 22:20:38', 'chat', 'KatieDeForest', '', 'Where', 'English', '', ''
'03.07.2022 22:20:58', 'chat', 'KatieDeForest', '', 'fixed', 'English', '', ''
'03.07.2022 22:21:15', 'chat', 'KatieDeForest', '', 'You just have to merge twice', 'English', '', ''
'03.07.2022 22:21:21', 'chat', 'KatieDeForest', '', 'bit buggy', 'English', '', ''
'03.07.2022 22:22:00', 'chat', 'KatieDeForest', '', 'uhm,/ idk how the road is still here lol', 'English', '', ''
'03.07.2022 22:22:10', 'chat', 'P0larbear_', '', 'we fucked up ur server', 'English', '', ''
'03.07.2022 22:22:10', 'chat', 'P0larbear_', '', 'we fucked up ur server', 'English', '', 'swear'
'03.07.2022 22:22:10', 'chat', 'P0larbear_', '', 'we ****ed up ur server', 'English', '', ''
'03.07.2022 22:22:17', 'chat', 'KatieDeForest', '', 'nah,/ its the plugin', 'English', '', ''
'03.07.2022 22:22:40', 'chat', 'KatieDeForest', '', 'We aren't responsible for the bad programming of merging xDD', 'English', '', ''
'03.07.2022 22:23:14', 'chat', 'KatieDeForest', '', 'Yea,/ but still', 'English', '', ''
'03.07.2022 22:23:19', 'chat', 'KatieDeForest', '', 'Takes it's time,/ obviously', 'English', '', ''
'03.07.2022 22:23:31', 'chat', 'P0larbear_', '', 'then we can spawn 20000 wardens at the same time', 'English', '', ''
'03.07.2022 22:24:05', 'chat', 'KatieDeForest', '', 'Doesn't work the same way :D', 'English', '', ''
'03.07.2022 22:24:09', 'chat', 'KatieDeForest', '', 'Mob spawning is limited', 'English', '', ''
'03.07.2022 22:26:22', 'chat', 'KatieDeForest', '', 'How do you spell precisely in Danish,/ Simon?', 'English', '', ''
'03.07.2022 22:26:37', 'chat', 'KatieDeForest', '', 'Thanks', 'English', '', ''
'03.07.2022 22:26:47', 'chat', 'KatieDeForest', '', '60 fps', 'English', '', ''
'03.07.2022 22:26:48', 'chat', 'KatieDeForest', '', 'hmm', 'English', '', ''
'03.07.2022 22:26:51', 'chat', 'KatieDeForest', '', 'interesting', 'English', '', ''
'03.07.2022 22:28:23', 'chat', 'P0larbear_', '', 'my plot is completed', 'English', '', ''
'03.07.2022 22:29:05', 'command', 'KatieDeForest', '', '/msg Fuglen We need some rules about this for future players xD', '', '', ''
'03.07.2022 22:29:20', 'command', 'KatieDeForest', '', '/r no fps killing builds lol', '', '', ''
'03.07.2022 22:29:49', 'command', 'KatieDeForest', '', '/r yeah,/ stresstesting is good', '', '', ''
'03.07.2022 22:29:56', 'chat', 'KatieDeForest', '', 'Imma hop back on the Faction server', 'English', '', ''
'03.07.2022 22:30:24', 'command', 'KatieDeForest', '', '/r lol', '', '', ''
'04.07.2022 12:28:57', 'chat', 'magn4965', '', 'heyo xD', 'English', '', ''
'04.07.2022 12:29:16', 'chat', 'magn4965', '', 'jeg er igang med at bygge the home of homes xD', 'English', '', ''
'04.07.2022 12:29:36', 'chat', 'magn4965', '', 'yup', 'English', '', ''
'04.07.2022 12:29:46', 'chat', 'magn4965', '', 'det er bare dødlækkert igoh xD', 'English', '', ''
'04.07.2022 12:30:02', 'chat', 'magn4965', '', 'igen?', 'English', '', ''
'04.07.2022 12:30:42', 'chat', 'magn4965', '', 'ahh på den måde,/ men det er da i survival?', 'English', '', ''
'04.07.2022 12:31:26', 'chat', 'magn4965', '', 'skal jeg give din et ufatteligt godt building design?', 'English', '', ''
'04.07.2022 12:31:37', 'chat', 'magn4965', '', 'det må vi lige se på xD', 'English', '', ''
'04.07.2022 12:31:52', 'chat', 'magn4965', '', 'dem her right', 'English', '', ''
'04.07.2022 12:32:49', 'chat', 'magn4965', '', ':(', 'English', '', ''
'04.07.2022 12:32:56', 'chat', 'magn4965', '', 'hmm okay', 'English', '', ''
'04.07.2022 12:33:00', 'chat', 'magn4965', '', 'så dem her', 'English', '', ''
'04.07.2022 12:33:19', 'chat', 'magn4965', '', 'nope okay :(', 'English', '', ''
'04.07.2022 12:34:47', 'chat', 'magn4965', '', 'har jeg det?', 'English', '', ''
'04.07.2022 12:35:04', 'chat', 'magn4965', '', 'og ja det er i 1.19 du kan bygge pressure plates ovenpå dem', 'English', '', ''
'04.07.2022 12:35:18', 'chat', 'magn4965', '', 'gg ved ikke hvordan man bruger world edit alligevel såeee xD', 'English', '', ''
'04.07.2022 12:35:39', 'chat', 'magn4965', '', 'sure :D', 'English', '', ''
'04.07.2022 12:37:25', 'chat', 'magn4965', '', 'jeg er ikke medlem af tbs discord endnu,/ troede du ville sende et link xDD', 'English', '', ''
'04.07.2022 12:37:34', 'chat', 'magn4965', '', 'tfb*', 'English', '', ''
'04.07.2022 13:29:59', 'anvil', 'magn4965', '', '{"type":"name tag","name":"anton","lore":[]}', '', '', ''
'04.07.2022 13:41:47', 'chat', 'magn4965', '', 'astools', 'English', '', ''
'04.07.2022 14:22:32', 'chat', 'KatieDeForest', '', 'Hey', 'English', '', ''
'04.07.2022 14:23:01', 'chat', 'KatieDeForest', '', 'Can you check out the Faction shop,/ and see if you'd like any changes? :3', 'English', '', ''
'04.07.2022 14:54:51', 'chat', 'Fuglen', '', './/set 0', 'English', '', ''
'04.07.2022 14:55:04', 'chat', 'magn4965', '', 'z0', 'English', '', ''
'04.07.2022 15:05:08', 'chat', 'Fuglen', '', './p schematic save', 'English', '', ''
'19.07.2022 22:01:41', 'sign', 'TheProKillerGirl', '', '%FOLINES%Start%FOLINES%%FOLINES%', '', '', ''
'19.07.2022 22:01:46', 'sign', 'TheProKillerGirl', '', '%FOLINES%Start%FOLINES%%FOLINES%', '', '', ''
'20.07.2022 14:31:08', 'sign', 'TheProKillerGirl', '', '%FOLINES%SES TABER%FOLINES%%FOLINES%', '', '', ''
'20.07.2022 17:11:18', 'chat', 'TheProKillerGirl', '', 'jesus', 'English', '', ''
'20.07.2022 17:11:34', 'chat', 'TheProKillerGirl', '', 'gætter på du kan se alle de commands xD', 'English', '', ''
'20.07.2022 17:11:35', 'chat', 'TheProKillerGirl', '', 'sry..', 'English', '', ''
'20.07.2022 17:11:51', 'chat', 'TheProKillerGirl', '', 'haha', 'English', '', ''
'20.07.2022 17:12:32', 'chat', 'TheProKillerGirl', '', 'vil du ik snakke med os mer? xD', 'English', '', ''
'20.07.2022 17:12:53', 'sign', 'TheProKillerGirl', '', '%FOLINES%Ferrari%FOLINES%LaFerrari%FOLINES%', '', '', ''
'20.07.2022 17:13:03', 'sign', 'TheProKillerGirl', '', '%FOLINES%Mustang%FOLINES%Shelby GT500%FOLINES%', '', '', ''
'20.07.2022 17:13:11', 'sign', 'TheProKillerGirl', '', '%FOLINES%LeMans Bil%FOLINES%%FOLINES%', '', '', ''
'20.07.2022 17:13:19', 'chat', 'TheProKillerGirl', '', 'oof..', 'English', '', ''
'20.07.2022 17:14:08', 'chat', 'TheProKillerGirl', '', 'oki', 'English', '', ''
'21.07.2022 19:57:53', 'chat', 'SimonBird883', '', 'gg', 'English', '', ''
'21.07.2022 20:09:53', 'chat', 'SimonBird883', '', ',,', 'English', '', ''
'22.07.2022 00:25:26', 'chat', 'TheProKillerGirl', '', 't', 'English', '', ''
'23.07.2022 00:06:28', 'sign', 'Skibet_DK', '', '---------------%FOLINES%Skibet er god til%FOLINES%at sejle :)%FOLINES%---------------', '', '', ''
'23.07.2022 00:08:03', 'sign', 'Skibet_DK', '', '---------------%FOLINES%Godt klaret du er%FOLINES%blevet et Skib :)%FOLINES%---------------', '', '', ''
'23.07.2022 00:11:34', 'sign', 'Skibet_DK', '', '---------------%FOLINES%Her stå%FOLINES%Kong Skibet%FOLINES%---------------', '', '', ''
'23.07.2022 00:23:24', 'sign', 'Skibet_DK', '', 'Her stå den%FOLINES%dumme abe pige%FOLINES%fra månen%FOLINES%', '', '', ''
'23.07.2022 00:25:38', 'sign', 'Skibet_DK', '', '---------------%FOLINES%Her stå Dronning%FOLINES%TheProKillerGirl%FOLINES%---------------', '', '', ''
'23.07.2022 00:26:57', 'sign', 'Skibet_DK', '', 'ps hun er%FOLINES%mærkelig%FOLINES%%FOLINES%', '', '', ''
'23.07.2022 00:28:20', 'sign', 'Skibet_DK', '', '---------------%FOLINES%Her stå Kong%FOLINES%Skibet_DK%FOLINES%---------------', '', '', ''
'23.07.2022 00:30:42', 'sign', 'Skibet_DK', '', '---------------%FOLINES%Her flyver en%FOLINES%Fugl%FOLINES%---------------', '', '', ''
'23.07.2022 00:33:30', 'sign', 'Skibet_DK', '', '---------------%FOLINES%Her stå Dronning%FOLINES%TheProKillerGirl%FOLINES%---------------', '', '', ''
'23.07.2022 00:33:57', 'sign', 'Skibet_DK', '', '---------------%FOLINES%Her stå Kong%FOLINES%Skibet_DK%FOLINES%---------------', '', '', ''
'23.07.2022 00:34:22', 'sign', 'Skibet_DK', '', '---------------%FOLINES%Her flyver%FOLINES%Fuglen%FOLINES%---------------', '', '', ''
'23.07.2022 00:34:36', 'sign', 'Skibet_DK', '', '---------------%FOLINES%Her flyver%FOLINES%Fuglen%FOLINES%---------------', '', '', ''
'23.07.2022 00:43:52', 'sign', 'Skibet_DK', '', '---------------%FOLINES%Her Stå Poop%FOLINES%Girl%FOLINES%---------------', '', '', ''
'31.07.2022 11:58:02', 'chat', 'TheProKillerGirl', '', 'meow', 'English', '', ''
'31.07.2022 11:59:22', 'chat', 'TheProKillerGirl', '', ':P', 'English', '', ''
'31.07.2022 11:59:32', 'chat', 'TheProKillerGirl', '', 'reckol er ham jeg høre som er tyrkisk xD', 'English', '', ''
'31.07.2022 11:59:59', 'chat', 'TheProKillerGirl', '', 'yee', 'English', '', ''
'31.07.2022 12:01:05', 'chat', 'TheProKillerGirl', '', 'haha nice xD', 'English', '', ''
'31.07.2022 12:01:28', 'chat', 'TheProKillerGirl', '', 'xD', 'English', '', ''
'31.07.2022 12:01:54', 'chat', 'TheProKillerGirl', '', 'NURRRRR', 'English', '', ''
'31.07.2022 12:02:08', 'chat', 'TheProKillerGirl', '', 'hmm', 'English', '', ''
'31.07.2022 12:02:20', 'chat', 'TheProKillerGirl', '', 'som', 'English', '', ''
'31.07.2022 12:02:58', 'chat', 'TheProKillerGirl', '', 'birger? xD eller burger', 'English', '', ''
'31.07.2022 12:03:04', 'chat', 'TheProKillerGirl', '', 'eller nugget', 'English', '', ''
'31.07.2022 12:03:05', 'chat', 'TheProKillerGirl', '', 'ahah', 'English', '', ''
'31.07.2022 12:03:28', 'chat', 'TheProKillerGirl', '', 'kan man hedde det? xD', 'English', '', ''
'31.07.2022 12:03:38', 'chat', 'TheProKillerGirl', '', 'vi skal til lobby så', 'English', '', ''
'31.07.2022 12:04:21', 'chat', 'TheProKillerGirl', '', 'haha nice', 'English', '', ''
'31.07.2022 12:05:20', 'chat', 'TheProKillerGirl', '', 'er det weird hvis jeg elsker reckol når han synger? xD han ligner patrick sygt meget faktisk...', 'English', '', ''
'31.07.2022 12:05:44', 'chat', 'TheProKillerGirl', '', 'xD', 'English', '', ''
'31.07.2022 12:06:46', 'chat', 'TheProKillerGirl', '', 'yay', 'English', '', ''
'31.07.2022 12:06:53', 'chat', 'TheProKillerGirl', '', 'hvad med at petname', 'English', '', ''
'31.07.2022 12:07:38', 'chat', 'TheProKillerGirl', '', 'altså man kan ik klik på den', 'English', '', ''
'31.07.2022 12:08:04', 'chat', 'TheProKillerGirl', '', 'pip', 'English', '', ''
'31.07.2022 12:10:30', 'chat', 'TheProKillerGirl', '', 'xD', 'English', '', ''
'31.07.2022 12:10:31', 'chat', 'TheProKillerGirl', '', 'hov', 'English', '', ''
'31.07.2022 12:10:40', 'chat', 'TheProKillerGirl', '', 'kanibal haha', 'English', '', ''
'31.07.2022 12:11:08', 'chat', 'TheProKillerGirl', '', 'den smager så gooodt', 'English', '', ''
'31.07.2022 12:11:11', 'chat', 'TheProKillerGirl', '', 'mm', 'English', '', ''
'31.07.2022 12:11:24', 'chat', 'TheProKillerGirl', '', ':P', 'English', '', ''
'31.07.2022 12:11:58', 'chat', 'TheProKillerGirl', '', 'Korumam kimler elinde?Koyamam asla sen yerineKaravan,/ cinler,/ periler bana hep "Takıl" dedilerKodein,/ blunt,/ çizgiler,/ sen ne anlattın,/ kim dinler?Line aldım,/ o-a-ah,/ o*landım yine babaYüzümüzde noktalar,/ sivilce bombalarLine aldım,/ o-a-ah,/ o*landım yine b', 'English', '', ''
'31.07.2022 12:12:03', 'chat', 'TheProKillerGirl', '', 'prøv at læs det hurtigt xD', 'English', '', ''
'31.07.2022 12:12:30', 'chat', 'TheProKillerGirl', '', 'nemlig', 'English', '', ''
'31.07.2022 12:12:33', 'chat', 'TheProKillerGirl', '', 'ahah', 'English', '', ''
'31.07.2022 12:13:04', 'chat', 'TheProKillerGirl', '', 'det faktisk en sød sang har google oversæt på den. det noget med man ik kan erstatte en osv..', 'English', '', ''
'31.07.2022 12:13:26', 'chat', 'TheProKillerGirl', '', 'fiiint', 'English', '', ''
'31.07.2022 12:14:42', 'chat', 'TheProKillerGirl', '', 'min far troede de her tyrkiske sange var om noget "ulovligt" u know,/ men det bare fordi han tænker sådan haha', 'English', '', ''
'31.07.2022 12:15:09', 'chat', 'TheProKillerGirl', '', 'det handler slet ik om sådan noget,/ det romantiske sange og om et eller andet som jeg ik forstår så meget af', 'English', '', ''
'31.07.2022 12:16:06', 'chat', 'TheProKillerGirl', '', 'xD bare fordi det tyrkisk. og min far er begyndt at ku lide dem haha', 'English', '', ''
'31.07.2022 12:20:41', 'chat', 'TheProKillerGirl', '', 'yee', 'English', '', ''
'31.07.2022 12:20:54', 'chat', 'TheProKillerGirl', '', 'xD har lavet skins før i en anden server', 'English', '', ''
'31.07.2022 12:20:56', 'chat', 'TheProKillerGirl', '', 'så det nemt', 'English', '', ''
'31.07.2022 12:21:39', 'chat', 'TheProKillerGirl', '', 'nice ik?', 'English', '', ''
'31.07.2022 12:21:57', 'chat', 'TheProKillerGirl', '', 'skal smut nu,/ skal hen til mor', 'English', '', ''
'31.07.2022 12:22:09', 'chat', 'TheProKillerGirl', '', 'dankee', 'English', '', ''
'31.07.2022 12:22:13', 'chat', 'TheProKillerGirl', '', 'i lige måde', 'English', '', ''
'31.07.2022 12:32:17', 'chat', 'Fuglen', '', 'Birger', 'English', '', ''
'31.07.2022 13:22:32', 'chat', 'Fuglen', '', 'gg', 'English', '', ''
'31.07.2022 13:36:51', 'chat', 'TheProKillerGirl', '', 'HAI', 'English', '', ''
'31.07.2022 13:36:52', 'chat', 'Fuglen', '', 'Hej igen xD', 'English', '', ''
'31.07.2022 13:36:57', 'chat', 'TheProKillerGirl', '', 'where are uuuu', 'English', '', ''
'31.07.2022 13:37:09', 'chat', 'Fuglen', '', 'I min bunker sgu da xD', 'English', '', ''
'31.07.2022 13:37:13', 'chat', 'TheProKillerGirl', '', 'ahah', 'English', '', ''
'31.07.2022 13:37:15', 'chat', 'TheProKillerGirl', '', 'er jeg så farlig', 'English', '', ''
'31.07.2022 13:37:27', 'chat', 'Fuglen', '', 'jaaa xD', 'English', '', ''
'31.07.2022 13:37:31', 'chat', 'TheProKillerGirl', '', ':(..', 'English', '', ''
'31.07.2022 13:37:31', 'chat', 'Fuglen', '', 'jaaa xD', 'English', '', ''
'31.07.2022 13:37:34', 'chat', 'Fuglen', '', 'jaaa xD', 'English', '', ''
'31.07.2022 13:37:37', 'chat', 'Fuglen', '', 'up', 'English', '', ''
'31.07.2022 13:37:46', 'chat', 'TheProKillerGirl', '', 'kan man skrive /thru?', 'English', '', ''
'31.07.2022 13:37:47', 'chat', 'Fuglen', '', 'jeg rammer tasterne godt i dag', 'English', '', ''
'31.07.2022 13:37:52', 'chat', 'Fuglen', '', 'Burde du kunne', 'English', '', ''
'31.07.2022 13:37:52', 'chat', 'TheProKillerGirl', '', 'xD', 'English', '', ''
'31.07.2022 13:37:58', 'chat', 'TheProKillerGirl', '', 'damn it', 'English', '', ''
'31.07.2022 13:38:08', 'chat', 'TheProKillerGirl', '', '!', 'English', '', ''
'31.07.2022 13:38:11', 'chat', 'TheProKillerGirl', '', 'vil neeed', 'English', '', ''
'31.07.2022 13:38:29', 'chat', 'TheProKillerGirl', '', 'håber ik det her er tis.. xD', 'English', '', ''
'31.07.2022 13:38:39', 'chat', 'Fuglen', '', 'monkaS', 'English', '', ''
'31.07.2022 13:39:34', 'chat', 'Fuglen', '', 'Forstår bare ikke hvorfor der er vand under nogen af mine lamps', 'English', '', ''
'31.07.2022 13:39:42', 'chat', 'TheProKillerGirl', '', 'xD', 'English', '', ''
'31.07.2022 13:39:55', 'chat', 'TheProKillerGirl', '', 'weird', 'English', '', ''
'31.07.2022 13:40:14', 'chat', 'TheProKillerGirl', '', 'xD', 'English', '', ''
'31.07.2022 13:40:53', 'chat', 'Fuglen', '', 'Du har jo også fået trust... xD', 'English', '', ''
'31.07.2022 13:40:57', 'chat', 'TheProKillerGirl', '', 'uhhh', 'English', '', ''
'31.07.2022 13:41:03', 'chat', 'TheProKillerGirl', '', 'muhahah greif tid! >:)', 'English', '', ''
'31.07.2022 13:41:13', 'chat', 'Fuglen', '', ':<', 'English', '', ''
'31.07.2022 13:41:16', 'chat', 'TheProKillerGirl', '', 'hov grief* xD', 'English', '', ''
'31.07.2022 13:41:20', 'chat', 'TheProKillerGirl', '', 'muhaahh', 'English', '', ''
'31.07.2022 13:42:51', 'chat', 'TheProKillerGirl', '', 'wow', 'English', '', ''
'31.07.2022 13:42:55', 'chat', 'TheProKillerGirl', '', 'ARG', 'English', '', ''
'31.07.2022 13:43:01', 'chat', 'TheProKillerGirl', '', 'ruun', 'English', '', ''
'31.07.2022 13:43:44', 'chat', 'TheProKillerGirl', '', 'ahah', 'English', '', ''
'31.07.2022 13:43:49', 'chat', 'TheProKillerGirl', '', 'godt jeg stadig bor hjemme xD', 'English', '', ''
'31.07.2022 13:44:24', 'chat', 'TheProKillerGirl', '', 'i know ja', 'English', '', ''
'31.07.2022 13:44:35', 'chat', 'TheProKillerGirl', '', 'muiahha', 'English', '', ''
'31.07.2022 13:45:19', 'chat', 'TheProKillerGirl', '', 'ew', 'English', '', ''
'31.07.2022 13:45:26', 'chat', 'TheProKillerGirl', '', 'klamt..', 'English', '', ''
'31.07.2022 13:45:33', 'chat', 'TheProKillerGirl', '', 'JAER', 'English', '', ''
'31.07.2022 13:45:35', 'chat', 'TheProKillerGirl', '', 'FØJ', 'English', '', ''
'31.07.2022 13:50:47', 'chat', 'TheProKillerGirl', '', 'hahah', 'English', '', ''
'31.07.2022 14:02:03', 'chat', 'TheProKillerGirl', '', 'ahah hva da', 'English', '', ''
'31.07.2022 14:02:11', 'chat', 'TheProKillerGirl', '', 'OOF', 'English', '', ''
'31.07.2022 14:02:18', 'chat', 'TheProKillerGirl', '', 'nånå daaa ;)', 'English', '', ''
'31.07.2022 14:02:43', 'chat', 'TheProKillerGirl', '', 'ahahah', 'English', '', ''
'31.07.2022 14:03:01', 'chat', 'TheProKillerGirl', '', 'xD', 'English', '', ''
'31.07.2022 14:03:50', 'chat', 'TheProKillerGirl', '', 'ahahah', 'English', '', ''
'31.07.2022 14:04:36', 'chat', 'TheProKillerGirl', '', 'NO', 'English', '', ''
'31.07.2022 14:04:45', 'chat', 'TheProKillerGirl', '', 'DU BLIR', 'English', '', ''
'31.07.2022 14:06:48', 'chat', 'TheProKillerGirl', '', 'xD', 'English', '', ''
'31.07.2022 14:07:13', 'chat', 'TheProKillerGirl', '', 'hm hvad prøver du på', 'English', '', ''
'31.07.2022 14:07:31', 'chat', 'TheProKillerGirl', '', 'ahah', 'English', '', ''
'31.07.2022 14:09:33', 'chat', 'TheProKillerGirl', '', 'woaw xD', 'English', '', ''
'31.07.2022 14:09:36', 'chat', 'TheProKillerGirl', '', '*klap*', 'English', '', ''
'31.07.2022 14:09:40', 'chat', 'TheProKillerGirl', '', 'xD', 'English', '', ''
'31.07.2022 14:10:19', 'chat', 'TheProKillerGirl', '', ':P', 'English', '', ''
'31.07.2022 14:12:39', 'chat', 'TheProKillerGirl', '', 'øhhhh', 'English', '', ''
'31.07.2022 14:12:42', 'chat', 'TheProKillerGirl', '', 'står da godt her', 'English', '', ''
'31.07.2022 14:13:02', 'chat', 'TheProKillerGirl', '', 'står her og ser godt ud', 'English', '', ''
'31.07.2022 14:13:04', 'chat', 'TheProKillerGirl', '', 'haha xD', 'English', '', ''
'31.07.2022 14:16:29', 'chat', 'TheProKillerGirl', '', 'haha det okki', 'English', '', ''
'31.07.2022 14:16:55', 'chat', 'TheProKillerGirl', '', 'ahaha', 'English', '', ''
'31.07.2022 14:17:07', 'chat', 'TheProKillerGirl', '', 'godt at du kan lave mad xD', 'English', '', ''
'31.07.2022 14:17:39', 'chat', 'TheProKillerGirl', '', 'ku jeg ogs finde på hvis jeg ku lave mad og hvis jeg gad xD', 'English', '', ''
'31.07.2022 14:17:51', 'chat', 'TheProKillerGirl', '', 'ik mig xD', 'English', '', ''
'31.07.2022 14:18:03', 'chat', 'TheProKillerGirl', '', 'og kan heller ik lide det,/ så det er godt nok', 'English', '', ''
'31.07.2022 14:18:29', 'chat', 'TheProKillerGirl', '', 'kan ik lide pasta.... xD ;D', 'English', '', ''
'31.07.2022 14:18:48', 'chat', 'TheProKillerGirl', '', 'hahah', 'English', '', ''
'31.07.2022 14:19:44', 'chat', 'TheProKillerGirl', '', 'er træt..', 'English', '', ''
'31.07.2022 14:20:00', 'chat', 'TheProKillerGirl', '', 'har mormor på besøg ;D', 'English', '', ''
'31.07.2022 14:20:07', 'chat', 'TheProKillerGirl', '', 'og åben dør..', 'English', '', ''
'31.07.2022 14:20:24', 'chat', 'TheProKillerGirl', '', 'jep haha', 'English', '', ''
'31.07.2022 14:23:36', 'chat', 'TheProKillerGirl', '', 'xD', 'English', '', ''
'31.07.2022 14:24:28', 'chat', 'TheProKillerGirl', '', 'cool', 'English', '', ''
'31.07.2022 14:25:55', 'chat', 'TheProKillerGirl', '', '#Cheater xD', 'English', '', ''
'31.07.2022 14:26:13', 'chat', 'TheProKillerGirl', '', 'xD world edit puhaaa', 'English', '', ''
'31.07.2022 14:26:32', 'chat', 'TheProKillerGirl', '', 'HVA', 'English', '', ''
'31.07.2022 14:26:39', 'chat', 'TheProKillerGirl', '', 'ogs det..', 'English', '', ''
'31.07.2022 14:26:52', 'chat', 'TheProKillerGirl', '', 'ew..', 'English', '', ''
'31.07.2022 14:27:57', 'chat', 'TheProKillerGirl', '', 'home alone xD', 'English', '', ''
'31.07.2022 14:28:57', 'chat', 'TheProKillerGirl', '', 'wher are uu', 'English', '', ''
'31.07.2022 14:29:13', 'chat', 'TheProKillerGirl', '', 'nåår', 'English', '', ''
'31.07.2022 14:33:13', 'chat', 'TheProKillerGirl', '', 'kæft mit net er dårlig i dag..', 'English', '', ''
'31.07.2022 14:33:20', 'chat', 'TheProKillerGirl', '', 'er ogs hos mor nu..', 'English', '', ''
'31.07.2022 14:35:35', 'chat', 'TheProKillerGirl', '', 'xD', 'English', '', ''
'31.07.2022 14:38:17', 'chat', 'TheProKillerGirl', '', 'xD', 'English', '', ''
'31.07.2022 14:39:52', 'chat', 'TheProKillerGirl', '', 'muhaha', 'English', '', ''
'31.07.2022 14:40:39', 'chat', 'TheProKillerGirl', '', 'xD', 'English', '', ''
'31.07.2022 14:40:55', 'chat', 'TheProKillerGirl', '', 'watch ur language', 'English', '', ''
'31.07.2022 14:40:56', 'chat', 'TheProKillerGirl', '', 'xD', 'English', '', ''
'31.07.2022 14:42:40', 'chat', 'TheProKillerGirl', '', 'okii', 'English', '', ''
'31.07.2022 14:49:02', 'chat', 'TheProKillerGirl', '', 'hehe oki,/ smutter ogs :P', 'English', '', ''
'31.07.2022 14:49:14', 'chat', 'TheProKillerGirl', '', 'god tur!!', 'English', '', ''
'31.07.2022 14:49:20', 'chat', 'TheProKillerGirl', '', 'baai', 'English', '', ''
'31.07.2022 15:56:23', 'chat', 'TheProKillerGirl', '', 'HAI', 'English', '', ''
'31.07.2022 15:56:34', 'chat', 'TheProKillerGirl', '', 'er på mit eget plot lige nu,/ vil lave nogle villaer fra yt :P', 'English', '', ''
'31.07.2022 15:57:27', 'chat', 'TheProKillerGirl', '', 'har ik så stort plot til det men kan prøve', 'English', '', ''
'31.07.2022 16:00:00', 'chat', 'TheProKillerGirl', '', 'omg', 'English', '', ''
'31.07.2022 16:00:06', 'chat', 'TheProKillerGirl', '', 'STYR DIG xD', 'English', '', ''
'31.07.2022 16:00:58', 'chat', 'TheProKillerGirl', '', 'i know', 'English', '', ''
'31.07.2022 16:01:01', 'chat', 'TheProKillerGirl', '', 'tror ogs jeg gør', 'English', '', ''
'31.07.2022 16:01:17', 'chat', 'TheProKillerGirl', '', 'hehe', 'English', '', ''
'31.07.2022 16:01:20', 'chat', 'TheProKillerGirl', '', 'ye', 'English', '', ''
'31.07.2022 16:01:25', 'chat', 'TheProKillerGirl', '', 'hah', 'English', '', ''
'31.07.2022 16:05:21', 'chat', 'TheProKillerGirl', '', 'kom lig eher', 'English', '', ''
'31.07.2022 16:06:09', 'chat', 'TheProKillerGirl', '', 'kan ik se dig', 'English', '', ''
'31.07.2022 16:06:14', 'chat', 'TheProKillerGirl', '', 'så', 'English', '', ''
'31.07.2022 16:06:20', 'chat', 'TheProKillerGirl', '', 'ligner det chokolade', 'English', '', ''
'31.07.2022 16:06:21', 'chat', 'TheProKillerGirl', '', 'xD', 'English', '', ''
'31.07.2022 16:06:27', 'chat', 'TheProKillerGirl', '', 'nemlig', 'English', '', ''
'31.07.2022 16:06:42', 'chat', 'TheProKillerGirl', '', 'kan bruge chokolade her ved vinduerne xD', 'English', '', ''
'31.07.2022 16:07:23', 'chat', 'TheProKillerGirl', '', 'HVA', 'English', '', ''
'31.07.2022 16:07:25', 'chat', 'TheProKillerGirl', '', 'EJ', 'English', '', ''
'31.07.2022 16:07:27', 'chat', 'TheProKillerGirl', '', 'GIV MIG', 'English', '', ''
'31.07.2022 16:08:14', 'chat', 'TheProKillerGirl', '', 'OMG', 'English', '', ''
'31.07.2022 16:08:17', 'chat', 'TheProKillerGirl', '', 'GIV MIG SÅ', 'English', '', ''
'31.07.2022 16:08:23', 'chat', 'TheProKillerGirl', '', 'min yndlings!', 'English', '', ''
'31.07.2022 16:08:43', 'chat', 'TheProKillerGirl', '', 'forrædder... xD', 'English', '', ''
'31.07.2022 16:08:49', 'chat', 'TheProKillerGirl', '', 'banner dig herfra xD', 'English', '', ''
'31.07.2022 16:09:07', 'chat', 'TheProKillerGirl', '', 'vil ogs have marabou :(', 'English', '', ''
'31.07.2022 16:09:18', 'chat', 'TheProKillerGirl', '', 'oof', 'English', '', ''
'31.07.2022 16:09:19', 'chat', 'TheProKillerGirl', '', 'vent hvad', 'English', '', ''
'31.07.2022 16:09:22', 'chat', 'TheProKillerGirl', '', 'prøvede du lige', 'English', '', ''
'31.07.2022 16:10:34', 'chat', 'TheProKillerGirl', '', 'prut', 'English', '', ''
'31.07.2022 16:10:53', 'chat', 'TheProKillerGirl', '', 'oof', 'English', '', ''
'31.07.2022 16:40:04', 'chat', 'TheProKillerGirl', '', 'ja? xD', 'English', '', ''
'31.07.2022 16:40:10', 'chat', 'TheProKillerGirl', '', 'ahah', 'English', '', ''
'31.07.2022 16:40:19', 'chat', 'TheProKillerGirl', '', 'ahah vidste du ik det?', 'English', '', ''
'31.07.2022 16:40:26', 'chat', 'TheProKillerGirl', '', 'lol..', 'English', '', ''
'31.07.2022 16:40:50', 'chat', 'TheProKillerGirl', '', 'ye', 'English', '', ''
'31.07.2022 16:41:08', 'chat', 'TheProKillerGirl', '', 'så lidt tror jeg xD', 'English', '', ''
'31.07.2022 16:42:49', 'chat', 'TheProKillerGirl', '', 'kæft det flot', 'English', '', ''
'31.07.2022 16:43:16', 'chat', 'TheProKillerGirl', '', 'tid til at lave fortov :P', 'English', '', ''
'31.07.2022 16:43:31', 'chat', 'TheProKillerGirl', '', 'ja det min het egen tanke.... wink', 'English', '', ''
'31.07.2022 16:44:13', 'chat', 'TheProKillerGirl', '', 'JAER! :D', 'English', '', ''
'31.07.2022 16:44:15', 'chat', 'TheProKillerGirl', '', 'god ideeee', 'English', '', ''
'31.07.2022 16:44:19', 'chat', 'TheProKillerGirl', '', 'hmm', 'English', '', ''
'31.07.2022 16:44:58', 'chat', 'TheProKillerGirl', '', 'god ide', 'English', '', ''
'31.07.2022 16:45:00', 'chat', 'TheProKillerGirl', '', 'xD', 'English', '', ''
'31.07.2022 16:45:31', 'chat', 'TheProKillerGirl', '', 'længere op?', 'English', '', ''
'31.07.2022 16:45:49', 'chat', 'TheProKillerGirl', '', 'der', 'English', '', ''
'31.07.2022 16:46:23', 'chat', 'TheProKillerGirl', '', 'hvordan skal man lave en fed garage hertil..', 'English', '', ''
'31.07.2022 16:46:31', 'chat', 'TheProKillerGirl', '', 'eller indkørsel', 'English', '', ''
'31.07.2022 16:48:31', 'chat', 'TheProKillerGirl', '', 'ye', 'English', '', ''
'31.07.2022 16:49:08', 'chat', 'TheProKillerGirl', '', 'ye', 'English', '', ''
'31.07.2022 16:49:36', 'chat', 'TheProKillerGirl', '', 'xD', 'English', '', ''
'31.07.2022 16:49:49', 'chat', 'TheProKillerGirl', '', 'hm', 'English', '', ''
'31.07.2022 16:49:58', 'chat', 'TheProKillerGirl', '', 'hvilken en af bilerne så', 'English', '', ''
'31.07.2022 16:50:19', 'chat', 'TheProKillerGirl', '', 'ferrari xD', 'English', '', ''
'31.07.2022 16:50:33', 'chat', 'TheProKillerGirl', '', 'den her?', 'English', '', ''
'31.07.2022 16:50:51', 'chat', 'TheProKillerGirl', '', 'ye', 'English', '', ''
'31.07.2022 16:51:29', 'chat', 'TheProKillerGirl', '', 'ogs bare det ja xD', 'English', '', ''
'31.07.2022 16:51:49', 'chat', 'TheProKillerGirl', '', 'hmm', 'English', '', ''
'31.07.2022 16:51:52', 'chat', 'TheProKillerGirl', '', 'længere ud med den?', 'English', '', ''
'31.07.2022 16:52:21', 'chat', 'TheProKillerGirl', '', 'ye', 'English', '', ''
'31.07.2022 16:52:55', 'chat', 'TheProKillerGirl', '', 'indkørsel med hvilke blocks...', 'English', '', ''
'31.07.2022 16:55:41', 'chat', 'TheProKillerGirl', '', 'har en ide...', 'English', '', ''
'31.07.2022 16:56:10', 'chat', 'TheProKillerGirl', '', 'hmm', 'English', '', ''
'31.07.2022 16:56:48', 'chat', 'TheProKillerGirl', '', 'lidt for weird,/ ik?', 'English', '', ''
'31.07.2022 16:57:07', 'chat', 'TheProKillerGirl', '', 'xD', 'English', '', ''
'31.07.2022 16:59:06', 'chat', 'TheProKillerGirl', '', 'uhh ja nice', 'English', '', ''
'31.07.2022 16:59:31', 'chat', 'TheProKillerGirl', '', 'jaaa', 'English', '', ''
'31.07.2022 17:00:28', 'chat', 'TheProKillerGirl', '', 'skal jeg flytte fortov?', 'English', '', ''
'31.07.2022 17:00:48', 'chat', 'TheProKillerGirl', '', 'hvor langt?', 'English', '', ''
'31.07.2022 17:04:28', 'chat', 'TheProKillerGirl', '', 'ye', 'English', '', ''
'31.07.2022 17:04:31', 'chat', 'TheProKillerGirl', '', 'hmm', 'English', '', ''
'31.07.2022 17:05:37', 'chat', 'TheProKillerGirl', '', 'haha yay', 'English', '', ''
'31.07.2022 17:06:02', 'chat', 'TheProKillerGirl', '', 'prøver hurtigt noget xD', 'English', '', ''
'31.07.2022 17:06:45', 'chat', 'TheProKillerGirl', '', 'mæh..', 'English', '', ''
'31.07.2022 17:09:00', 'chat', 'TheProKillerGirl', '', 'ja lidt noget jeg har set fra en film. nogle af de der fancy porte', 'English', '', ''
'31.07.2022 17:09:19', 'chat', 'TheProKillerGirl', '', 'jaaa', 'English', '', ''
'31.07.2022 17:09:29', 'chat', 'TheProKillerGirl', '', 'hvad med hækken her', 'English', '', ''
'31.07.2022 17:09:53', 'chat', 'TheProKillerGirl', '', 'xD', 'English', '', ''
'31.07.2022 17:13:22', 'chat', 'TheProKillerGirl', '', 'er det her for indelukket eller?', 'English', '', ''
'31.07.2022 17:23:54', 'chat', 'TheProKillerGirl', '', 'nu jeg bange', 'English', '', ''
'31.07.2022 17:23:56', 'chat', 'TheProKillerGirl', '', 'tør jeg se', 'English', '', ''
'31.07.2022 17:24:06', 'chat', 'TheProKillerGirl', '', 'haha nice', 'English', '', ''
'31.07.2022 17:24:19', 'chat', 'TheProKillerGirl', '', 'elsker at se pasta retter,/ men kan ik lide pasta,/ har kunne engang ;D', 'English', '', ''
'31.07.2022 17:24:39', 'chat', 'TheProKillerGirl', '', 'ye..', 'English', '', ''
'31.07.2022 17:24:53', 'chat', 'TheProKillerGirl', '', 'hvid', 'English', '', ''
'31.07.2022 17:25:05', 'chat', 'TheProKillerGirl', '', 'er ik til det der sunde noget xD', 'English', '', ''
'31.07.2022 17:25:19', 'chat', 'TheProKillerGirl', '', 'xD', 'English', '', ''
'31.07.2022 17:25:33', 'chat', 'TheProKillerGirl', '', 'så lav noget til mig xD', 'English', '', ''
'31.07.2022 17:26:14', 'chat', 'TheProKillerGirl', '', 'ahah', 'English', '', ''
'31.07.2022 17:26:38', 'chat', 'TheProKillerGirl', '', 'åh nej har allerede lavet forkert her..', 'English', '', ''
'31.07.2022 17:27:04', 'chat', 'TheProKillerGirl', '', 'ye', 'English', '', ''
'31.07.2022 17:27:21', 'chat', 'TheProKillerGirl', '', 'nåååår', 'English', '', ''
'31.07.2022 17:27:47', 'chat', 'TheProKillerGirl', '', 'sådan..', 'English', '', ''
'31.07.2022 17:28:11', 'chat', 'TheProKillerGirl', '', 'xD', 'English', '', ''
'31.07.2022 17:34:40', 'chat', 'TheProKillerGirl', '', 'tager lige noget mad så kommer jeg', 'English', '', ''
'31.07.2022 17:41:04', 'chat', 'TheProKillerGirl', '', 'me back', 'English', '', ''
'31.07.2022 17:41:35', 'chat', 'TheProKillerGirl', '', 'ahah', 'English', '', ''
'31.07.2022 17:43:17', 'chat', 'TheProKillerGirl', '', 'mmm franskbrød med ost xD', 'English', '', ''
'31.07.2022 17:47:14', 'chat', 'TheProKillerGirl', '', 'what der er protein i en kitkat :O', 'English', '', ''
'31.07.2022 17:47:17', 'chat', 'TheProKillerGirl', '', 'DET SUNDT', 'English', '', ''
'31.07.2022 17:48:03', 'chat', 'TheProKillerGirl', '', 'jaa xD', 'English', '', ''
'31.07.2022 17:50:49', 'chat', 'TheProKillerGirl', '', 'sikker? xD', 'English', '', ''
'31.07.2022 17:55:32', 'chat', 'TheProKillerGirl', '', 'ahah', 'English', '', ''
'31.07.2022 18:05:36', 'chat', 'TheProKillerGirl', '', 'damn it', 'English', '', ''
'31.07.2022 18:40:48', 'chat', 'TheProKillerGirl', '', 'skal smutte efter jeg har lavet dette hus :P mor-datter tid', 'English', '', ''
'31.07.2022 18:42:08', 'chat', 'TheProKillerGirl', '', 'ok', 'English', '', ''
'31.07.2022 18:42:50', 'chat', 'TheProKillerGirl', '', 'venter...', 'English', '', ''
'31.07.2022 18:43:49', 'chat', 'TheProKillerGirl', '', 'hahah', 'English', '', ''
'31.07.2022 18:44:26', 'chat', 'TheProKillerGirl', '', 'same', 'English', '', ''
'31.07.2022 18:45:08', 'chat', 'TheProKillerGirl', '', 'ahah', 'English', '', ''
'31.07.2022 18:45:12', 'chat', 'TheProKillerGirl', '', 'det ogs hårdt', 'English', '', ''
'31.07.2022 18:45:58', 'chat', 'TheProKillerGirl', '', 'xD', 'English', '', ''
'31.07.2022 19:00:06', 'chat', 'TheProKillerGirl', '', 'til', 'English', '', ''
'31.07.2022 19:00:25', 'chat', 'TheProKillerGirl', '', 'har sat den i 0.25 i speed på yt fordi han er hurtig', 'English', '', ''
'31.07.2022 19:00:26', 'chat', 'TheProKillerGirl', '', 'idk', 'English', '', ''
'31.07.2022 19:00:31', 'chat', 'TheProKillerGirl', '', '10 min maybe...', 'English', '', ''
'31.07.2022 19:00:34', 'chat', 'TheProKillerGirl', '', 'eller mer', 'English', '', ''
'31.07.2022 19:00:43', 'chat', 'TheProKillerGirl', '', 'vil du ik have mig herinde mer? xD', 'English', '', ''
'31.07.2022 19:01:16', 'chat', 'TheProKillerGirl', '', 'xD', 'English', '', ''
'31.07.2022 19:01:19', 'chat', 'TheProKillerGirl', '', 'tager jeg som ja..', 'English', '', ''
'31.07.2022 19:01:35', 'chat', 'TheProKillerGirl', '', 'joke heh', 'English', '', ''
'31.07.2022 19:02:05', 'chat', 'TheProKillerGirl', '', 'hvor er du', 'English', '', ''
'31.07.2022 19:02:13', 'chat', 'TheProKillerGirl', '', 'ahah', 'English', '', ''
'31.07.2022 19:02:32', 'chat', 'TheProKillerGirl', '', 'xD', 'English', '', ''
'31.07.2022 19:02:42', 'chat', 'TheProKillerGirl', '', 'omg', 'English', '', ''
'31.07.2022 19:03:10', 'chat', 'TheProKillerGirl', '', 'nemlig', 'English', '', ''
'31.07.2022 19:19:51', 'chat', 'TheProKillerGirl', '', 'smutter nu', 'English', '', ''
'31.07.2022 22:50:34', 'chat', 'TheProKillerGirl', '', 'hai', 'English', '', ''
'31.07.2022 22:50:41', 'chat', 'TheProKillerGirl', '', 'skal bare rykke det', 'English', '', ''
'31.07.2022 22:51:00', 'chat', 'TheProKillerGirl', '', 'xD', 'English', '', ''
'31.07.2022 22:51:15', 'chat', 'TheProKillerGirl', '', 'min mor og jeg har set serie', 'English', '', ''
'31.07.2022 22:51:40', 'chat', 'TheProKillerGirl', '', 'flyt dig', 'English', '', ''
'31.07.2022 22:51:41', 'chat', 'TheProKillerGirl', '', 'xD', 'English', '', ''
'31.07.2022 22:51:51', 'chat', 'TheProKillerGirl', '', 'nop', 'English', '', ''
'31.07.2022 22:52:05', 'chat', 'TheProKillerGirl', '', 'nogle gange hader jeg det der overdrevet speed..', 'English', '', ''
'31.07.2022 22:54:05', 'chat', 'TheProKillerGirl', '', 'YES', 'English', '', ''
'31.07.2022 22:54:10', 'chat', 'TheProKillerGirl', '', 'hvilken bil hertil?', 'English', '', ''
'31.07.2022 22:54:52', 'chat', 'TheProKillerGirl', '', 'xD', 'English', '', ''
'31.07.2022 22:55:11', 'chat', 'TheProKillerGirl', '', 'yee', 'English', '', ''
'31.07.2022 22:56:31', 'chat', 'TheProKillerGirl', '', 'ku være nice', 'English', '', ''
'31.07.2022 22:56:35', 'chat', 'TheProKillerGirl', '', 'en eller to biler?', 'English', '', ''
'31.07.2022 22:56:50', 'chat', 'TheProKillerGirl', '', 'ye', 'English', '', ''
'31.07.2022 22:57:00', 'chat', 'TheProKillerGirl', '', 'tid til at lave indkørsel xD', 'English', '', ''
'31.07.2022 22:57:26', 'chat', 'TheProKillerGirl', '', 'uhh jaa', 'English', '', ''
'31.07.2022 22:57:53', 'chat', 'TheProKillerGirl', '', 'hvad er en kahyt? xD', 'English', '', ''
'31.07.2022 22:58:10', 'chat', 'TheProKillerGirl', '', 'nåår ahah', 'English', '', ''
'31.07.2022 22:58:44', 'chat', 'TheProKillerGirl', '', 'xD', 'English', '', ''
'31.07.2022 22:59:05', 'chat', 'TheProKillerGirl', '', 'xD', 'English', '', ''
'31.07.2022 23:01:45', 'chat', 'TheProKillerGirl', '', 'sry for commands i din chat xD', 'English', '', ''
'31.07.2022 23:02:07', 'chat', 'TheProKillerGirl', '', 'xD', 'English', '', ''
'31.07.2022 23:02:55', 'chat', 'TheProKillerGirl', '', 'skal slukke nu.. :( du kan måske finde nogle huse. kommer på i morgen', 'English', '', ''
'31.07.2022 23:03:21', 'chat', 'TheProKillerGirl', '', 'xD', 'English', '', ''
'01.08.2022 22:53:41', 'chat', 'TheProKillerGirl', '', 'meow', 'English', '', ''
'01.08.2022 22:53:58', 'chat', 'TheProKillerGirl', '', 'xD', 'English', '', ''
'01.08.2022 22:58:51', 'chat', 'TheProKillerGirl', '', 'kan du bestemme dig', 'English', '', ''
'01.08.2022 22:59:27', 'chat', 'TheProKillerGirl', '', 'ahah', 'English', '', ''
'01.08.2022 23:00:26', 'chat', 'TheProKillerGirl', '', 'aw', 'English', '', ''
'01.08.2022 23:00:30', 'chat', 'TheProKillerGirl', '', 'mor sover', 'English', '', ''
'01.08.2022 23:00:32', 'chat', 'TheProKillerGirl', '', 'og slukker om 5', 'English', '', ''
'01.08.2022 23:01:35', 'chat', 'KatieDeForest', '', 'Haii', 'English', '', ''
'01.08.2022 23:03:31', 'chat', 'TheProKillerGirl', '', 'nogle små fejl men er ligeglad xD', 'English', '', ''
'01.08.2022 23:03:51', 'chat', 'KatieDeForest', '', 'I could check the video later if you send it to me', 'English', '', ''
'01.08.2022 23:03:54', 'chat', 'KatieDeForest', '', 'But its up to you', 'English', '', ''
'01.08.2022 23:04:06', 'chat', 'TheProKillerGirl', '', 'altså jeg er ogs kommet til at lave små fejl ;D', 'English', '', ''
'01.08.2022 23:04:15', 'chat', 'KatieDeForest', '', 'I've had no sleep,/ and I'm exhausted as heck', 'English', '', ''
'01.08.2022 23:04:17', 'chat', 'TheProKillerGirl', '', 'når det et kæmpe arbejde,/ så det svært..', 'English', '', ''
'01.08.2022 23:04:19', 'chat', 'TheProKillerGirl', '', 'aah', 'English', '', ''
'01.08.2022 23:05:01', 'chat', 'KatieDeForest', '', 'Its pretty regardless of your mistakes :3', 'English', '', ''
'01.08.2022 23:05:08', 'chat', 'TheProKillerGirl', '', 'xD', 'English', '', ''
'01.08.2022 23:08:59', 'chat', 'TheProKillerGirl', '', 'gør resten i morgen,/ naaat', 'English', '', ''
'01.08.2022 23:09:11', 'chat', 'KatieDeForest', '', 'Goodnight :D', 'English', '', ''
'01.08.2022 23:09:12', 'chat', 'KatieDeForest', '', ':3', 'English', '', ''
'01.08.2022 23:09:46', 'chat', 'KatieDeForest', '', 'Sure', 'English', '', ''
'01.08.2022 23:10:01', 'chat', 'KatieDeForest', '', 'Nowhere close', 'English', '', ''
'01.08.2022 23:10:09', 'chat', 'KatieDeForest', '', 'He's not the fastest xD', 'English', '', ''
'01.08.2022 23:10:51', 'chat', 'KatieDeForest', '', 'I'm tired and confused mate xD', 'English', '', ''
'01.08.2022 23:11:07', 'chat', 'KatieDeForest', '', 'You're rambling and I'm understanding so little', 'English', '', ''
'01.08.2022 23:11:11', 'chat', 'KatieDeForest', '', 'Yes', 'English', '', ''
'01.08.2022 23:11:19', 'chat', 'KatieDeForest', '', 'I saw that yes', 'English', '', ''
'01.08.2022 23:11:52', 'chat', 'KatieDeForest', '', 'Wanna watch vids together?', 'English', '', ''
'01.08.2022 23:12:22', 'chat', 'KatieDeForest', '', 'What do we do', 'English', '', ''
'01.08.2022 23:12:57', 'chat', 'KatieDeForest', '', 'You sure you don't wanna watch anything for 30 minutes? xD', 'English', '', ''
'01.08.2022 23:13:21', 'chat', 'KatieDeForest', '', 'Videos and movies aren't the same', 'English', '', ''
'01.08.2022 23:13:30', 'chat', 'KatieDeForest', '', 'I watch vids all day every day xD', 'English', '', ''
'01.08.2022 23:13:56', 'chat', 'KatieDeForest', '', 'I understand', 'English', '', ''
'01.08.2022 23:14:03', 'chat', 'KatieDeForest', '', 'Its not easy to be a programmer', 'English', '', ''
'01.08.2022 23:16:16', 'chat', 'KatieDeForest', '', 'I understand yeah', 'English', '', ''
'01.08.2022 23:16:32', 'chat', 'KatieDeForest', '', 'Wanna watch nopixel compilations?', 'English', '', ''
'01.08.2022 23:16:32', 'chat', 'KatieDeForest', '', ':3', 'English', '', ''
'01.08.2022 23:16:42', 'chat', 'KatieDeForest', '', 'GTA 5 RP', 'English', '', ''
'01.08.2022 23:16:46', 'chat', 'KatieDeForest', '', 'Funny moments', 'English', '', ''
'01.08.2022 23:17:03', 'chat', 'KatieDeForest', '', 'Sure', 'English', '', ''
'01.08.2022 23:17:09', 'chat', 'KatieDeForest', '', 'Ye', 'English', '', ''
'01.08.2022 23:17:15', 'chat', 'KatieDeForest', '', 'Let's text there,/ imma close mc', 'English', '', ''
'02.08.2022 13:46:06', 'chat', 'Im_Trofast', '', 'hola', 'English', '', ''
'02.08.2022 16:49:58', 'chat', 'TheProKillerGirl', '', '90', 'English', '', ''
'02.08.2022 17:43:10', 'chat', 'TheProKillerGirl', '', 'hai', 'English', '', ''
'02.08.2022 17:43:13', 'chat', 'TheProKillerGirl', '', 'er her endnu', 'English', '', ''
'02.08.2022 17:43:14', 'chat', 'TheProKillerGirl', '', 'no', 'English', '', ''
'02.08.2022 17:43:16', 'chat', 'TheProKillerGirl', '', 'kom og see', 'English', '', ''
'02.08.2022 17:43:31', 'chat', 'TheProKillerGirl', '', 'vores*', 'English', '', ''
'02.08.2022 17:43:35', 'chat', 'TheProKillerGirl', '', 'xD', 'English', '', ''
'02.08.2022 17:43:46', 'chat', 'TheProKillerGirl', '', 'ajaj', 'English', '', ''
'02.08.2022 17:44:11', 'chat', 'TheProKillerGirl', '', 'xD', 'English', '', ''
'02.08.2022 17:44:20', 'chat', 'TheProKillerGirl', '', '#fandtseeeelvudafdet..', 'English', '', ''
'02.08.2022 17:44:24', 'chat', 'TheProKillerGirl', '', '#not', 'English', '', ''
'02.08.2022 17:45:00', 'chat', 'TheProKillerGirl', '', 'aah', 'English', '', ''
'02.08.2022 17:45:04', 'chat', 'TheProKillerGirl', '', 'sshhh xD', 'English', '', ''
'02.08.2022 17:45:53', 'chat', 'TheProKillerGirl', '', 'wiii', 'English', '', ''
'02.08.2022 17:45:59', 'chat', 'TheProKillerGirl', '', 'ARRH', 'English', '', ''
'02.08.2022 17:46:06', 'chat', 'TheProKillerGirl', '', 'holy xD', 'English', '', ''
'02.08.2022 17:46:22', 'chat', 'TheProKillerGirl', '', 'ahah', 'English', '', ''
'02.08.2022 17:46:44', 'chat', 'TheProKillerGirl', '', 'xD', 'English', '', ''
'02.08.2022 17:46:49', 'chat', 'TheProKillerGirl', '', 'i know', 'English', '', ''
'02.08.2022 17:47:36', 'chat', 'TheProKillerGirl', '', 'xD', 'English', '', ''
'02.08.2022 17:47:58', 'sign', 'TheProKillerGirl', '', 'INGEN KOMMUNE%FOLINES%ADGANG%FOLINES%KUN........MENNESKER%FOLINES%', '', '', ''
'02.08.2022 17:48:01', 'chat', 'TheProKillerGirl', '', 'TADAA', 'English', '', ''
'02.08.2022 17:48:03', 'chat', 'TheProKillerGirl', '', 'xD', 'English', '', ''
'02.08.2022 17:48:07', 'chat', 'TheProKillerGirl', '', 'mm', 'English', '', ''
'02.08.2022 17:48:42', 'chat', 'TheProKillerGirl', '', 'kommer nok ik ind :P', 'English', '', ''
'02.08.2022 17:48:46', 'chat', 'TheProKillerGirl', '', 'kiggg', 'English', '', ''
'02.08.2022 17:48:59', 'chat', 'TheProKillerGirl', '', 'hehe', 'English', '', ''
'02.08.2022 17:49:09', 'chat', 'TheProKillerGirl', '', 'ahah', 'English', '', ''
'02.08.2022 17:49:23', 'sign', 'TheProKillerGirl', '', '%FOLINES%Ps..%FOLINES%Ingen børn%FOLINES%', '', '', ''
'02.08.2022 17:49:32', 'sign', 'TheProKillerGirl', '', 'Under 10%FOLINES%%FOLINES%%FOLINES%', '', '', ''
'02.08.2022 17:49:35', 'chat', 'TheProKillerGirl', '', 'ahah', 'English', '', ''
'02.08.2022 17:51:35', 'chat', 'TheProKillerGirl', '', 'ved ik hvad block jeg skal bruge', 'English', '', ''
'02.08.2022 17:51:37', 'chat', 'TheProKillerGirl', '', 'kan ik se det', 'English', '', ''
'02.08.2022 17:52:41', 'chat', 'TheProKillerGirl', '', 'ik mit hår xD', 'English', '', ''
'02.08.2022 17:53:14', 'chat', 'TheProKillerGirl', '', 'ahah', 'English', '', ''
'02.08.2022 17:57:26', 'chat', 'TheProKillerGirl', '', 'damn it skal bruge de design hoved ting..', 'English', '', ''
'02.08.2022 17:58:26', 'chat', 'TheProKillerGirl', '', ':(', 'English', '', ''
'02.08.2022 17:59:03', 'chat', 'TheProKillerGirl', '', 'hvad er det?', 'English', '', ''
'02.08.2022 17:59:50', 'chat', 'TheProKillerGirl', '', 'lyder nice :P', 'English', '', ''
'02.08.2022 18:00:18', 'chat', 'TheProKillerGirl', '', 'xD', 'English', '', ''
'02.08.2022 18:02:44', 'chat', 'TheProKillerGirl', '', 'oof...', 'English', '', ''
'02.08.2022 18:10:00', 'chat', 'TheProKillerGirl', '', 'wii', 'English', '', ''
'02.08.2022 18:10:32', 'chat', 'TheProKillerGirl', '', 'xD', 'English', '', ''
'02.08.2022 18:14:57', 'chat', 'TheProKillerGirl', '', 'ahah', 'English', '', ''
'02.08.2022 18:17:46', 'chat', 'TheProKillerGirl', '', 'hvorfor vil den ik spawne', 'English', '', ''
'02.08.2022 18:19:15', 'chat', 'TheProKillerGirl', '', 'hehe', 'English', '', ''
'02.08.2022 18:19:32', 'chat', 'TheProKillerGirl', '', 'hehe', 'English', '', ''
'02.08.2022 18:22:02', 'chat', 'TheProKillerGirl', '', 'ser en serie hvor der er pandekager som mad.. skal spørge mor og vi kan få xD', 'English', '', ''
'02.08.2022 18:25:03', 'chat', 'TheProKillerGirl', '', ':P', 'English', '', ''
'02.08.2022 18:28:31', 'chat', 'TheProKillerGirl', '', 'mor llaver regnskab :(', 'English', '', ''
'02.08.2022 18:29:21', 'chat', 'TheProKillerGirl', '', 'no :( ik i dag', 'English', '', ''
'02.08.2022 18:29:58', 'chat', 'TheProKillerGirl', '', 'ad esport på min gamle folkeskole.. gad godt,/ men de små..', 'English', '', ''
'02.08.2022 18:33:34', 'chat', 'TheProKillerGirl', '', 'mis gik forbi mig :D', 'English', '', ''
'02.08.2022 18:41:35', 'chat', 'TheProKillerGirl', '', 'uuhh', 'English', '', ''
'02.08.2022 18:42:51', 'chat', 'TheProKillerGirl', '', '... xD', 'English', '', ''
'02.08.2022 18:42:53', 'chat', 'TheProKillerGirl', '', 'holy..', 'English', '', ''
'02.08.2022 18:42:59', 'chat', 'TheProKillerGirl', '', 'O_O', 'English', '', ''
'02.08.2022 18:43:03', 'chat', 'TheProKillerGirl', '', 'kan i 2 sek..', 'English', '', ''
'02.08.2022 18:43:05', 'chat', 'TheProKillerGirl', '', ':D', 'English', '', ''
'02.08.2022 18:43:26', 'chat', 'TheProKillerGirl', '', 'ja.. xD', 'English', '', ''
'02.08.2022 18:44:24', 'chat', 'TheProKillerGirl', '', 'ahah', 'English', '', ''
'02.08.2022 18:44:40', 'chat', 'TheProKillerGirl', '', 'venter..', 'English', '', ''
'02.08.2022 18:44:55', 'chat', 'TheProKillerGirl', '', 'xD', 'English', '', ''
'02.08.2022 18:45:29', 'chat', 'TheProKillerGirl', '', 'xD', 'English', '', ''
'02.08.2022 18:45:37', 'chat', 'TheProKillerGirl', '', 'arh', 'English', '', ''
'02.08.2022 18:45:44', 'chat', 'TheProKillerGirl', '', 'whaat....', 'English', '', ''
'02.08.2022 18:46:03', 'chat', 'TheProKillerGirl', '', 'hvad sker der ahaha', 'English', '', ''
'02.08.2022 18:46:11', 'chat', 'TheProKillerGirl', '', 'spooky', 'English', '', ''
'02.08.2022 18:46:36', 'chat', 'TheProKillerGirl', '', 'ja', 'English', '', ''
'02.08.2022 18:48:14', 'chat', 'TheProKillerGirl', '', 'øh', 'English', '', ''
'02.08.2022 18:48:24', 'chat', 'TheProKillerGirl', '', 'ahaahh', 'English', '', ''
'02.08.2022 18:48:56', 'chat', 'TheProKillerGirl', '', 'OH', 'English', '', ''
'02.08.2022 18:48:57', 'chat', 'TheProKillerGirl', '', 'xD', 'English', '', ''
'02.08.2022 18:49:08', 'chat', 'TheProKillerGirl', '', 'tralala', 'English', '', ''
'02.08.2022 18:49:16', 'chat', 'TheProKillerGirl', '', 'gugu gaga xD', 'English', '', ''
'02.08.2022 18:49:24', 'chat', 'TheProKillerGirl', '', '...', 'English', '', ''
'02.08.2022 18:49:31', 'chat', 'TheProKillerGirl', '', 'tak..', 'English', '', ''
'02.08.2022 18:49:42', 'chat', 'TheProKillerGirl', '', 'ahah', 'English', '', ''
'02.08.2022 18:50:44', 'chat', 'TheProKillerGirl', '', 'wii', 'English', '', ''
'02.08.2022 18:51:03', 'chat', 'TheProKillerGirl', '', 'hvad er der mer', 'English', '', ''
'02.08.2022 18:51:07', 'chat', 'TheProKillerGirl', '', 'prut', 'English', '', ''
'02.08.2022 18:51:11', 'chat', 'TheProKillerGirl', '', 'kan ik spin', 'English', '', ''
'02.08.2022 18:52:01', 'chat', 'TheProKillerGirl', '', 'det virker ik xD', 'English', '', ''
'02.08.2022 18:52:22', 'chat', 'TheProKillerGirl', '', 'jamen..', 'English', '', ''
'02.08.2022 18:52:39', 'chat', 'TheProKillerGirl', '', 'haha', 'English', '', ''
'02.08.2022 18:52:52', 'chat', 'TheProKillerGirl', '', '..', 'English', '', ''
'02.08.2022 18:54:12', 'chat', 'TheProKillerGirl', '', 'hmm', 'English', '', ''
'02.08.2022 18:54:17', 'chat', 'TheProKillerGirl', '', 'hvad kan man ellers', 'English', '', ''
'02.08.2022 18:55:21', 'chat', 'TheProKillerGirl', '', 'huh', 'English', '', ''
'02.08.2022 18:55:29', 'chat', 'TheProKillerGirl', '', 'ar', 'English', '', ''
'02.08.2022 18:55:33', 'chat', 'TheProKillerGirl', '', 'GODT', 'English', '', ''
'02.08.2022 18:55:39', 'chat', 'TheProKillerGirl', '', 'kom og hjælp mig i husene', 'English', '', ''
'02.08.2022 18:55:45', 'chat', 'TheProKillerGirl', '', 'eller her til', 'English', '', ''
'02.08.2022 18:56:03', 'chat', 'TheProKillerGirl', '', 'hvordan gør man xD har kun set det,/ aldrig gjort det', 'English', '', ''
'02.08.2022 18:56:32', 'chat', 'TheProKillerGirl', '', 'hva', 'English', '', ''
'02.08.2022 18:56:40', 'chat', 'TheProKillerGirl', '', 'men du owwner xD med mig', 'English', '', ''
'02.08.2022 18:56:49', 'chat', 'TheProKillerGirl', '', 'eller til commanden?', 'English', '', ''
'02.08.2022 18:57:05', 'chat', 'TheProKillerGirl', '', 'hvor er du', 'English', '', ''
'02.08.2022 18:57:20', 'chat', 'TheProKillerGirl', '', 'jeg kan tror jeg', 'English', '', ''
'02.08.2022 18:57:25', 'chat', 'TheProKillerGirl', '', 'nej ..', 'English', '', ''
'02.08.2022 18:57:28', 'chat', 'TheProKillerGirl', '', 'DAMN IT', 'English', '', ''
'02.08.2022 18:57:49', 'chat', 'TheProKillerGirl', '', 'ku ellers være nice', 'English', '', ''
'02.08.2022 18:58:59', 'chat', 'TheProKillerGirl', '', 'henter lige noget mad', 'English', '', ''
'02.08.2022 18:59:01', 'chat', 'TheProKillerGirl', '', 'BLIV', 'English', '', ''
'02.08.2022 19:12:16', 'chat', 'TheProKillerGirl', '', 'hvooor er duuuu >:)', 'English', '', ''
'02.08.2022 19:12:25', 'chat', 'TheProKillerGirl', '', 'wow', 'English', '', ''
'02.08.2022 19:12:29', 'chat', 'TheProKillerGirl', '', 'xD', 'English', '', ''
'02.08.2022 19:12:35', 'chat', 'TheProKillerGirl', '', 'og BAAM så var du her', 'English', '', ''
'02.08.2022 19:15:20', 'chat', 'TheProKillerGirl', '', '?', 'English', '', ''
'02.08.2022 19:15:31', 'chat', 'TheProKillerGirl', '', 'xD', 'English', '', ''
'02.08.2022 19:24:08', 'chat', 'TheProKillerGirl', '', 'btw har skrevet ejendomsmægler på min liste :P', 'English', '', ''
'02.08.2022 19:26:25', 'chat', 'TheProKillerGirl', '', 'xD', 'English', '', ''
'02.08.2022 19:26:40', 'chat', 'TheProKillerGirl', '', 'har også skrevet fængselsbetjent', 'English', '', ''
'02.08.2022 19:26:55', 'chat', 'TheProKillerGirl', '', 'altid xD', 'English', '', ''
'02.08.2022 19:27:24', 'chat', 'TheProKillerGirl', '', 'advokat er nr 1... er du klar over hvor meget man får', 'English', '', ''
'02.08.2022 19:27:55', 'chat', 'TheProKillerGirl', '', '2022 er den ca 58000 som advokat kurator,/ og fuldmægtig er det ca 46000..', 'English', '', ''
'02.08.2022 19:27:56', 'chat', 'TheProKillerGirl', '', 'i know', 'English', '', ''
'02.08.2022 19:28:02', 'chat', 'TheProKillerGirl', '', 'er interesseret i tingene xD', 'English', '', ''
'02.08.2022 19:28:20', 'chat', 'TheProKillerGirl', '', 'det er jeg', 'English', '', ''
'02.08.2022 19:29:14', 'chat', 'TheProKillerGirl', '', 'JAER', 'English', '', ''
'02.08.2022 19:29:38', 'chat', 'TheProKillerGirl', '', 'wii', 'English', '', ''
'02.08.2022 19:30:07', 'chat', 'TheProKillerGirl', '', 'jep..', 'English', '', ''
'02.08.2022 19:30:33', 'chat', 'TheProKillerGirl', '', 'xD', 'English', '', ''
'02.08.2022 19:32:04', 'chat', 'TheProKillerGirl', '', ':P', 'English', '', ''
'02.08.2022 19:32:21', 'chat', 'TheProKillerGirl', '', 'uhh', 'English', '', ''
'02.08.2022 19:32:26', 'chat', 'TheProKillerGirl', '', 'jaa', 'English', '', ''
'02.08.2022 19:32:45', 'chat', 'TheProKillerGirl', '', 'omg niceeeee', 'English', '', ''
'02.08.2022 19:33:28', 'chat', 'TheProKillerGirl', '', 'xD nuurgh jeg er sød!', 'English', '', ''
'02.08.2022 19:33:35', 'chat', 'TheProKillerGirl', '', 'og nøgen..', 'English', '', ''
'02.08.2022 19:34:13', 'chat', 'TheProKillerGirl', '', 'kan jeg ogs?', 'English', '', ''
'02.08.2022 19:34:17', 'chat', 'TheProKillerGirl', '', '>:)', 'English', '', ''
'02.08.2022 19:34:46', 'chat', 'TheProKillerGirl', '', 'no..', 'English', '', ''
'02.08.2022 19:35:13', 'chat', 'TheProKillerGirl', '', ':O', 'English', '', ''
'02.08.2022 19:35:19', 'chat', 'TheProKillerGirl', '', 'JAAAA', 'English', '', ''
'02.08.2022 19:35:41', 'chat', 'TheProKillerGirl', '', 'omggg nicee', 'English', '', ''
'02.08.2022 19:36:00', 'chat', 'TheProKillerGirl', '', 'click to drop?', 'English', '', ''
'02.08.2022 19:36:14', 'chat', 'TheProKillerGirl', '', 'prøver', 'English', '', ''
'02.08.2022 19:36:27', 'chat', 'TheProKillerGirl', '', 'amen', 'English', '', ''
'02.08.2022 19:37:13', 'chat', 'TheProKillerGirl', '', 'spooky', 'English', '', ''
'02.08.2022 19:37:26', 'chat', 'TheProKillerGirl', '', 'har ingen mave.. xD', 'English', '', ''
'02.08.2022 19:38:08', 'chat', 'TheProKillerGirl', '', 'shit', 'English', '', ''
'02.08.2022 19:38:08', 'chat', 'TheProKillerGirl', '', 'shit', 'English', '', 'swear'
'02.08.2022 19:38:08', 'chat', 'TheProKillerGirl', '', '****', 'English', '', ''
'02.08.2022 19:38:11', 'chat', 'TheProKillerGirl', '', 'damn it', 'English', '', ''
'02.08.2022 19:38:46', 'chat', 'TheProKillerGirl', '', 'ja', 'English', '', ''
'02.08.2022 19:39:34', 'chat', 'TheProKillerGirl', '', 'xD', 'English', '', ''
'02.08.2022 19:39:42', 'chat', 'TheProKillerGirl', '', 'ARG', 'English', '', ''
'02.08.2022 19:39:43', 'chat', 'TheProKillerGirl', '', 'SE', 'English', '', ''
'02.08.2022 19:39:44', 'chat', 'TheProKillerGirl', '', 'JEG KAN', 'English', '', ''
'02.08.2022 19:39:50', 'chat', 'TheProKillerGirl', '', 'WIIII', 'English', '', ''
'02.08.2022 19:40:09', 'chat', 'TheProKillerGirl', '', 'xD', 'English', '', ''
'02.08.2022 19:40:15', 'chat', 'TheProKillerGirl', '', 'vil have den her til at kravle op af', 'English', '', ''
'02.08.2022 19:40:32', 'chat', 'TheProKillerGirl', '', 'kan man få hoved af en?', 'English', '', ''
'02.08.2022 19:40:53', 'chat', 'TheProKillerGirl', '', 'dig xD', 'English', '', ''
'02.08.2022 19:41:15', 'chat', 'TheProKillerGirl', '', 'ARG', 'English', '', ''
'02.08.2022 19:41:22', 'chat', 'TheProKillerGirl', '', 'ahahahaha', 'English', '', ''
'02.08.2022 19:41:30', 'chat', 'TheProKillerGirl', '', 'nuurgh', 'English', '', ''
'02.08.2022 19:41:41', 'chat', 'TheProKillerGirl', '', 'kan du lave tøj med dine farver?', 'English', '', ''
'02.08.2022 19:41:56', 'chat', 'TheProKillerGirl', '', 'omggg', 'English', '', ''
'02.08.2022 19:42:08', 'chat', 'TheProKillerGirl', '', 'ye', 'English', '', ''
'02.08.2022 19:42:27', 'chat', 'TheProKillerGirl', '', 'hmm lidt svært', 'English', '', ''
'02.08.2022 19:44:12', 'chat', 'TheProKillerGirl', '', 'okiii', 'English', '', ''
'02.08.2022 19:45:29', 'chat', 'TheProKillerGirl', '', 'xD', 'English', '', ''
'02.08.2022 19:46:51', 'chat', 'TheProKillerGirl', '', 'xD', 'English', '', ''
'02.08.2022 19:46:53', 'chat', 'TheProKillerGirl', '', 'yayayy', 'English', '', ''
'02.08.2022 19:47:41', 'chat', 'TheProKillerGirl', '', 'hvad hedder de andre nu xD', 'English', '', ''
'02.08.2022 19:48:45', 'chat', 'TheProKillerGirl', '', 'når ja', 'English', '', ''
'02.08.2022 19:48:51', 'chat', 'TheProKillerGirl', '', 'danke', 'English', '', ''
'02.08.2022 19:49:06', 'chat', 'TheProKillerGirl', '', 'oki', 'English', '', ''
'02.08.2022 19:49:24', 'chat', 'TheProKillerGirl', '', 'jaaa', 'English', '', ''
'02.08.2022 19:54:20', 'chat', 'TheProKillerGirl', '', 'det svært at styre benen', 'English', '', ''
'02.08.2022 19:54:34', 'chat', 'TheProKillerGirl', '', 'skal få den til at sidde', 'English', '', ''
'02.08.2022 19:54:57', 'chat', 'TheProKillerGirl', '', 'xD', 'English', '', ''
'02.08.2022 19:55:55', 'chat', 'TheProKillerGirl', '', 'damn it', 'English', '', ''
'02.08.2022 19:56:04', 'chat', 'TheProKillerGirl', '', 'kan ik få den ned', 'English', '', ''
'02.08.2022 19:56:54', 'chat', 'TheProKillerGirl', '', 'prøvede xD', 'English', '', ''
'02.08.2022 19:57:08', 'chat', 'TheProKillerGirl', '', 'til xD', 'English', '', ''
'02.08.2022 19:57:25', 'chat', 'TheProKillerGirl', '', 'ahah oki', 'English', '', ''
'02.08.2022 19:57:41', 'chat', 'TheProKillerGirl', '', 'xD', 'English', '', ''
'02.08.2022 19:57:48', 'chat', 'TheProKillerGirl', '', 'ja faktisk xD', 'English', '', ''
'02.08.2022 19:58:44', 'chat', 'TheProKillerGirl', '', 'kan man få den til at græde? xD', 'English', '', ''
'02.08.2022 20:00:32', 'chat', 'TheProKillerGirl', '', 'navn til', 'English', '', ''
'02.08.2022 20:00:38', 'chat', 'TheProKillerGirl', '', 'har lavet en heroppe', 'English', '', ''
'02.08.2022 20:01:06', 'chat', 'TheProKillerGirl', '', 'nurghh xD', 'English', '', ''
'02.08.2022 20:01:47', 'chat', 'TheProKillerGirl', '', 'baby fugl xD', 'English', '', ''
'02.08.2022 20:01:58', 'chat', 'TheProKillerGirl', '', 'ye', 'English', '', ''
'02.08.2022 20:03:43', 'chat', 'TheProKillerGirl', '', 'Nuurgh', 'English', '', ''
'02.08.2022 20:03:52', 'chat', 'TheProKillerGirl', '', 'har glemt hvordan man laver farver i skrift :P', 'English', '', ''
'02.08.2022 20:03:58', 'chat', 'TheProKillerGirl', '', 'min skal være rød!!', 'English', '', ''
'02.08.2022 20:04:02', 'chat', 'TheProKillerGirl', '', 'Baby Killer xD', 'English', '', ''
'02.08.2022 20:04:08', 'chat', 'TheProKillerGirl', '', 'nåår ja', 'English', '', ''
'02.08.2022 20:04:23', 'chat', 'TheProKillerGirl', '', 'kan ik', 'English', '', ''
'02.08.2022 20:04:32', 'chat', 'TheProKillerGirl', '', 'uh', 'English', '', ''
'02.08.2022 20:04:54', 'chat', 'TheProKillerGirl', '', 'mæh', 'English', '', ''
'02.08.2022 20:05:05', 'chat', 'TheProKillerGirl', '', 'nope', 'English', '', ''
'02.08.2022 20:05:32', 'chat', 'TheProKillerGirl', '', 'uh', 'English', '', ''
'02.08.2022 20:05:50', 'chat', 'TheProKillerGirl', '', 'uh yay :D', 'English', '', ''
'02.08.2022 20:06:06', 'chat', 'TheProKillerGirl', '', 'tror ogs', 'English', '', ''
'02.08.2022 20:06:17', 'chat', 'TheProKillerGirl', '', 'jamen xD', 'English', '', ''
'02.08.2022 20:06:38', 'chat', 'TheProKillerGirl', '', 'min mave... :(', 'English', '', ''
'02.08.2022 20:06:44', 'chat', 'TheProKillerGirl', '', 'den er her', 'English', '', ''
'02.08.2022 20:06:45', 'chat', 'TheProKillerGirl', '', 'lol', 'English', '', ''
'02.08.2022 20:06:50', 'chat', 'TheProKillerGirl', '', 'AHAHAH', 'English', '', ''
'02.08.2022 20:07:04', 'chat', 'TheProKillerGirl', '', 'vil reset..', 'English', '', ''
'02.08.2022 20:07:27', 'chat', 'TheProKillerGirl', '', 'er så trææææt', 'English', '', ''
'02.08.2022 20:10:26', 'chat', 'TheProKillerGirl', '', 'yay', 'English', '', ''
'02.08.2022 20:13:05', 'chat', 'TheProKillerGirl', '', 'rød og sort xD', 'English', '', ''
'02.08.2022 20:13:22', 'chat', 'TheProKillerGirl', '', 'xD', 'English', '', ''
'02.08.2022 20:14:50', 'chat', 'TheProKillerGirl', '', 'JAAAAAA', 'English', '', ''
'02.08.2022 20:14:54', 'chat', 'TheProKillerGirl', '', 'elsker det fader ind :D', 'English', '', ''
'02.08.2022 20:15:23', 'chat', 'TheProKillerGirl', '', 'xD', 'English', '', ''
'02.08.2022 20:15:24', 'chat', 'TheProKillerGirl', '', 'self...', 'English', '', ''
'02.08.2022 20:15:50', 'chat', 'TheProKillerGirl', '', 'uh nice', 'English', '', ''
'02.08.2022 20:17:59', 'chat', 'TheProKillerGirl', '', 'yee', 'English', '', ''
'02.08.2022 20:18:15', 'chat', 'TheProKillerGirl', '', 'xD', 'English', '', ''
'02.08.2022 20:18:35', 'chat', 'TheProKillerGirl', '', 'havde slettet den der armor ting', 'English', '', ''
'02.08.2022 20:19:13', 'chat', 'TheProKillerGirl', '', 'kan du holde den for mig', 'English', '', ''
'02.08.2022 20:19:16', 'chat', 'TheProKillerGirl', '', 'xD', 'English', '', ''
'02.08.2022 20:19:19', 'chat', 'TheProKillerGirl', '', 'den er god', 'English', '', ''
'02.08.2022 20:19:32', 'chat', 'TheProKillerGirl', '', 'når xD', 'English', '', ''
'02.08.2022 20:19:50', 'chat', 'TheProKillerGirl', '', 'altid :P', 'English', '', ''
'02.08.2022 20:20:03', 'chat', 'TheProKillerGirl', '', 'UH', 'English', '', ''
'02.08.2022 20:20:07', 'chat', 'TheProKillerGirl', '', 'hvad er det', 'English', '', ''
'02.08.2022 20:20:19', 'chat', 'TheProKillerGirl', '', 'misser?', 'English', '', ''
'02.08.2022 20:20:35', 'chat', 'TheProKillerGirl', '', 'OMGGGG', 'English', '', ''
'02.08.2022 20:20:41', 'chat', 'TheProKillerGirl', '', 'HAI MISSER!!!', 'English', '', ''
'02.08.2022 20:21:08', 'chat', 'TheProKillerGirl', '', 'xD', 'English', '', ''
'02.08.2022 20:21:12', 'chat', 'TheProKillerGirl', '', 'MIS', 'English', '', ''
'02.08.2022 20:21:44', 'chat', 'TheProKillerGirl', '', 'aha tak', 'English', '', ''
'02.08.2022 20:21:51', 'chat', 'TheProKillerGirl', '', 'her spawn?', 'English', '', ''
'02.08.2022 20:21:53', 'chat', 'TheProKillerGirl', '', 'eller lobby?', 'English', '', ''
'02.08.2022 20:22:14', 'chat', 'TheProKillerGirl', '', 'WOAW', 'English', '', ''
'02.08.2022 20:22:16', 'chat', 'TheProKillerGirl', '', 'xD', 'English', '', ''
'02.08.2022 20:22:34', 'chat', 'TheProKillerGirl', '', 'RAWR', 'English', '', ''
'02.08.2022 20:22:50', 'chat', 'TheProKillerGirl', '', 'xD', 'English', '', ''
'02.08.2022 20:22:56', 'chat', 'TheProKillerGirl', '', 'tihi', 'English', '', ''
'02.08.2022 20:23:21', 'chat', 'TheProKillerGirl', '', 'vil have gemini xD', 'English', '', ''
'02.08.2022 20:23:31', 'chat', 'TheProKillerGirl', '', 'ja?', 'English', '', ''
'02.08.2022 20:23:42', 'chat', 'TheProKillerGirl', '', 'nåår', 'English', '', ''
'02.08.2022 20:24:58', 'chat', 'TheProKillerGirl', '', 'har 50 eggshells', 'English', '', ''
'02.08.2022 20:25:03', 'chat', 'TheProKillerGirl', '', '70*', 'English', '', ''
'02.08.2022 20:31:47', 'chat', 'TheProKillerGirl', '', 'tilbage?', 'English', '', ''
'02.08.2022 20:31:55', 'chat', 'TheProKillerGirl', '', 'til vores plot xD', 'English', '', ''
'02.08.2022 20:33:35', 'chat', 'TheProKillerGirl', '', 'skal smutte xD', 'English', '', ''
'02.08.2022 20:33:37', 'chat', 'TheProKillerGirl', '', 'har taget ham', 'English', '', ''
'02.08.2022 20:33:47', 'chat', 'TheProKillerGirl', '', 'mor datter tid :P', 'English', '', ''
'02.08.2022 20:33:57', 'chat', 'TheProKillerGirl', '', 'jaaa', 'English', '', ''
'02.08.2022 20:34:07', 'chat', 'TheProKillerGirl', '', 'laver gadelygter i morgen og videre med de her ting', 'English', '', ''
'02.08.2022 20:34:18', 'chat', 'TheProKillerGirl', '', 'baai', 'English', '', ''
'02.08.2022 22:17:06', 'chat', 'TheProKillerGirl', '', 'HUH', 'English', '', ''
'02.08.2022 22:24:29', 'chat', 'TheProKillerGirl', '', 'nuurgh sødt skin', 'English', '', ''
'02.08.2022 22:24:35', 'chat', 'SimonBird883', '', ':>', 'English', '', ''
'02.08.2022 22:24:43', 'chat', 'TheProKillerGirl', '', 'skal jeg trust dig?', 'English', '', ''
'02.08.2022 22:24:53', 'chat', 'SimonBird883', '', 'Har jeg sgu allerede gjort xD', 'English', '', ''
'02.08.2022 22:24:56', 'chat', 'TheProKillerGirl', '', 'ahahh', 'English', '', ''
'02.08.2022 22:25:00', 'chat', 'TheProKillerGirl', '', 'puha cheater xD', 'English', '', ''
'02.08.2022 22:25:37', 'chat', 'SimonBird883', '', 'Enten skal der være 4 eller 2 på den her xD', 'English', '', ''
'02.08.2022 22:25:43', 'chat', 'TheProKillerGirl', '', 'to xD', 'English', '', ''
'02.08.2022 22:25:52', 'chat', 'SimonBird883', '', 'Forkerte vej? xD', 'English', '', ''
'02.08.2022 22:25:59', 'chat', 'TheProKillerGirl', '', '..', 'English', '', ''
'02.08.2022 22:26:35', 'chat', 'SimonBird883', '', 'Ikke at jeg skal bestemme men... xD', 'English', '', ''
'02.08.2022 22:26:40', 'chat', 'TheProKillerGirl', '', 'xD ej det fint', 'English', '', ''
'02.08.2022 22:26:45', 'chat', 'TheProKillerGirl', '', 'det jo vores plot :P', 'English', '', ''
'02.08.2022 22:27:02', 'chat', 'TheProKillerGirl', '', 'kan ik bruge min texture pack :(( så der for mørkt.. den vil åbenbart ik bruge lunar og den anden', 'English', '', ''
'02.08.2022 22:27:09', 'chat', 'SimonBird883', '', ':<', 'English', '', ''
'02.08.2022 22:28:17', 'chat', 'SimonBird883', '', 'Laver sgu snart min egen altså xD', 'English', '', ''
'02.08.2022 22:28:22', 'chat', 'TheProKillerGirl', '', 'ahaha', 'English', '', ''
'02.08.2022 22:28:30', 'chat', 'TheProKillerGirl', '', 'når ja nu har du fler >:)', 'English', '', ''
'02.08.2022 22:28:31', 'chat', 'TheProKillerGirl', '', 'muahah', 'English', '', ''
'02.08.2022 22:28:46', 'chat', 'SimonBird883', '', 'Flere?', 'English', '', ''
'02.08.2022 22:28:55', 'chat', 'TheProKillerGirl', '', 'ja er din account ny her?', 'English', '', ''
'02.08.2022 22:30:06', 'chat', 'SimonBird883', '', 'SimonBird883 er min gamle main haha xD', 'English', '', ''
'02.08.2022 22:30:12', 'chat', 'TheProKillerGirl', '', 'xD', 'English', '', ''
'02.08.2022 22:30:20', 'chat', 'TheProKillerGirl', '', 'har du nogle plots med den? :P', 'English', '', ''
'02.08.2022 22:30:32', 'chat', 'SimonBird883', '', 'Ja faktisk xD', 'English', '', ''
'02.08.2022 22:30:35', 'chat', 'TheProKillerGirl', '', 'damn it', 'English', '', ''
'02.08.2022 22:30:36', 'chat', 'TheProKillerGirl', '', 'ahah', 'English', '', ''
'02.08.2022 22:31:01', 'chat', 'SimonBird883', '', 'men det er lige meget xD', 'English', '', ''
'02.08.2022 22:31:06', 'chat', 'TheProKillerGirl', '', 'xD', 'English', '', ''
'02.08.2022 22:31:14', 'chat', 'TheProKillerGirl', '', 'hvordan ser de ud', 'English', '', ''
'02.08.2022 22:31:22', 'chat', 'TheProKillerGirl', '', 'mini bunker', 'English', '', ''
'02.08.2022 22:31:23', 'chat', 'SimonBird883', '', 'Skulle teste noget', 'English', '', ''
'02.08.2022 22:31:38', 'chat', 'TheProKillerGirl', '', 'xD', 'English', '', ''
'02.08.2022 22:31:49', 'chat', 'TheProKillerGirl', '', 'wow xD', 'English', '', ''
'02.08.2022 22:32:04', 'chat', 'TheProKillerGirl', '', 'hvor er du', 'English', '', ''
'02.08.2022 22:32:07', 'chat', 'TheProKillerGirl', '', 'der', 'English', '', ''
'02.08.2022 22:32:27', 'chat', 'TheProKillerGirl', '', 'bøh', 'English', '', ''
'02.08.2022 22:32:31', 'chat', 'SimonBird883', '', 'Kan ikke skrive back,/ det er sgu en fejl xD', 'English', '', ''
'02.08.2022 22:32:31', 'chat', 'TheProKillerGirl', '', 'er lige her xD', 'English', '', ''
'02.08.2022 22:32:34', 'chat', 'TheProKillerGirl', '', 'aha', 'English', '', ''
'02.08.2022 22:32:43', 'chat', 'SimonBird883', '', 'Danke', 'English', '', ''
'02.08.2022 22:32:47', 'chat', 'TheProKillerGirl', '', 'Så liiiiidt', 'English', '', ''
'02.08.2022 22:33:02', 'chat', 'SimonBird883', '', 'Tror ikke vi kan tilføje flere plots hvis det er det du mener xD', 'English', '', ''
'02.08.2022 22:33:07', 'chat', 'TheProKillerGirl', '', 'heheh', 'English', '', ''
'02.08.2022 22:33:21', 'chat', 'TheProKillerGirl', '', 'vi kan alt', 'English', '', ''
'02.08.2022 22:33:42', 'chat', 'TheProKillerGirl', '', 'hm', 'English', '', ''
'02.08.2022 22:33:47', 'chat', 'TheProKillerGirl', '', 'der står den er accepted', 'English', '', ''
'02.08.2022 22:33:49', 'chat', 'SimonBird883', '', '...', 'English', '', ''
'02.08.2022 22:34:19', 'chat', 'SimonBird883', '', 'Mærkeligt', 'English', '', ''
'02.08.2022 22:34:22', 'chat', 'TheProKillerGirl', '', 'ja', 'English', '', ''
'02.08.2022 22:34:34', 'chat', 'SimonBird883', '', 'Kan du smadre her?', 'English', '', ''
'02.08.2022 22:34:36', 'chat', 'TheProKillerGirl', '', 'man burde da kunne,/ ik?', 'English', '', ''
'02.08.2022 22:34:38', 'chat', 'TheProKillerGirl', '', 'no', 'English', '', ''
'02.08.2022 22:34:54', 'chat', 'SimonBird883', '', 'Nope,/ mener nemlig vi har sat en begrænsning på det :I', 'English', '', ''
'02.08.2022 22:35:01', 'chat', 'TheProKillerGirl', '', 'damn it', 'English', '', ''
'02.08.2022 22:35:10', 'chat', 'SimonBird883', '', 'Ellers kan man sgu blive ved xD', 'English', '', ''
'02.08.2022 22:35:13', 'chat', 'TheProKillerGirl', '', 'xD', 'English', '', ''
'02.08.2022 22:36:52', 'chat', 'TheProKillerGirl', '', 'kan man sætte dyr i stedet for mennesker?', 'English', '', ''
'02.08.2022 22:37:03', 'chat', 'SimonBird883', '', 'Dyr??', 'English', '', ''
'02.08.2022 22:37:08', 'chat', 'TheProKillerGirl', '', 'her ved parken', 'English', '', ''
'02.08.2022 22:37:12', 'chat', 'TheProKillerGirl', '', 'armor ting', 'English', '', ''
'02.08.2022 22:37:20', 'chat', 'SimonBird883', '', 'Ikke umiddelbart :c', 'English', '', ''
'02.08.2022 22:37:24', 'chat', 'TheProKillerGirl', '', 'øv xD', 'English', '', ''
'02.08.2022 22:37:34', 'chat', 'SimonBird883', '', 'Hvad ville du have? xD', 'English', '', ''
'02.08.2022 22:37:38', 'chat', 'TheProKillerGirl', '', 'katte xD', 'English', '', ''
'02.08.2022 22:37:41', 'chat', 'TheProKillerGirl', '', 'og hunde', 'English', '', ''
'02.08.2022 22:37:48', 'chat', 'TheProKillerGirl', '', 'en der går med hund..', 'English', '', ''
'02.08.2022 22:38:03', 'chat', 'SimonBird883', '', 'Burde faktisk godt kunne lade sig gøre..', 'English', '', ''
'02.08.2022 22:38:06', 'chat', 'TheProKillerGirl', '', 'aah', 'English', '', ''
'02.08.2022 22:38:09', 'chat', 'TheProKillerGirl', '', 'sikker', 'English', '', ''
'02.08.2022 22:38:18', 'chat', 'SimonBird883', '', 'Ja', 'English', '', ''
'02.08.2022 22:38:21', 'chat', 'TheProKillerGirl', '', 'woof', 'English', '', ''
'02.08.2022 22:38:28', 'chat', 'SimonBird883', '', 'og så bare i en snor', 'English', '', ''
'02.08.2022 22:38:53', 'chat', 'SimonBird883', '', 'Måske lige give den et halsbånd xD', 'English', '', ''
'02.08.2022 22:39:00', 'chat', 'SimonBird883', '', 'Husk du kan farve det nu om dage', 'English', '', ''
'02.08.2022 22:39:00', 'chat', 'TheProKillerGirl', '', 'tada xD', 'English', '', ''
'02.08.2022 22:39:05', 'chat', 'TheProKillerGirl', '', 'yee', 'English', '', ''
'02.08.2022 22:39:12', 'chat', 'TheProKillerGirl', '', 'det har man kunne i nogle år..', 'English', '', ''
'02.08.2022 22:48:47', 'chat', 'TheProKillerGirl', '', 'uh har lige fået en ide', 'English', '', ''
'02.08.2022 22:48:59', 'chat', 'TheProKillerGirl', '', 'basket spillere', 'English', '', ''
'02.08.2022 22:49:03', 'chat', 'SimonBird883', '', 'xD', 'English', '', ''
'02.08.2022 22:49:05', 'chat', 'TheProKillerGirl', '', 'ahah', 'English', '', ''
'02.08.2022 22:51:20', 'chat', 'TheProKillerGirl', '', 'kan man få den til at vippe frem af?', 'English', '', ''
'02.08.2022 22:51:34', 'chat', 'SimonBird883', '', 'Ja', 'English', '', ''
'02.08.2022 22:53:22', 'chat', 'SimonBird883', '', 'Er bange for at du skal flytte hver enkelt kropsdel :(', 'English', '', ''
'02.08.2022 22:53:29', 'chat', 'TheProKillerGirl', '', 'prut', 'English', '', ''
'02.08.2022 22:55:48', 'chat', 'TheProKillerGirl', '', 'det ser godt ud', 'English', '', ''
'02.08.2022 22:55:53', 'chat', 'SimonBird883', '', 'Måske bedst med noget tøj på? xD', 'English', '', ''
'02.08.2022 22:55:57', 'chat', 'TheProKillerGirl', '', 'heh', 'English', '', ''
'02.08.2022 22:55:58', 'chat', 'TheProKillerGirl', '', 'ja', 'English', '', ''
'02.08.2022 22:56:41', 'chat', 'TheProKillerGirl', '', 'har du navn til hoved ? xD', 'English', '', ''
'02.08.2022 22:56:48', 'chat', 'SimonBird883', '', 'Benny?', 'English', '', ''
'02.08.2022 22:56:50', 'chat', 'SimonBird883', '', 'Birger', 'English', '', ''
'02.08.2022 22:56:54', 'chat', 'SimonBird883', '', 'Jørgen', 'English', '', ''
'02.08.2022 22:56:54', 'chat', 'TheProKillerGirl', '', 'hvem er det', 'English', '', ''
'02.08.2022 22:56:57', 'chat', 'SimonBird883', '', 'idk xD', 'English', '', ''
'02.08.2022 22:57:01', 'chat', 'TheProKillerGirl', '', 'omg xD', 'English', '', ''
'02.08.2022 22:57:13', 'chat', 'TheProKillerGirl', '', 'nu mente jeg menneske som ogs er herinde din prut', 'English', '', ''
'02.08.2022 22:58:00', 'chat', 'SimonBird883', '', 'Min søster måske?', 'English', '', ''
'02.08.2022 22:58:04', 'chat', 'TheProKillerGirl', '', 'hun hedder', 'English', '', ''
'02.08.2022 22:58:08', 'chat', 'SimonBird883', '', 'StineBird999', 'English', '', ''
'02.08.2022 22:58:24', 'chat', 'TheProKillerGirl', '', ':P', 'English', '', ''
'02.08.2022 22:58:32', 'chat', 'SimonBird883', '', 'Men hun har desværre ikke adgang til den længere ;_;', 'English', '', ''
'02.08.2022 22:58:43', 'chat', 'TheProKillerGirl', '', 'men man kan stadig få hoved xD', 'English', '', ''
'02.08.2022 22:59:15', 'chat', 'TheProKillerGirl', '', 'hvad hedder Katie herinde', 'English', '', ''
'02.08.2022 22:59:52', 'chat', 'SimonBird883', '', 'KatieDeForest', 'English', '', ''
'02.08.2022 23:00:13', 'chat', 'SimonBird883', '', 'men godnat xD', 'English', '', ''
'02.08.2022 23:00:30', 'chat', 'TheProKillerGirl', '', 'nå gider du mig ik xD', 'English', '', ''
'02.08.2022 23:00:39', 'chat', 'SimonBird883', '', 'Du skulle smutte nu sagde du xD', 'English', '', ''
'02.08.2022 23:00:47', 'chat', 'TheProKillerGirl', '', 'i know', 'English', '', ''
'02.08.2022 23:00:52', 'chat', 'TheProKillerGirl', '', 'er på vej xD', 'English', '', ''
'02.08.2022 23:00:58', 'chat', 'TheProKillerGirl', '', 'ses i morgen :P', 'English', '', ''
'02.08.2022 23:01:37', 'chat', 'SimonBird883', '', 'Ses :P', 'English', '', ''
'03.08.2022 11:13:08', 'chat', 'TheProKillerGirl', '', 'hai', 'English', '', ''
'03.08.2022 11:13:26', 'chat', 'TheProKillerGirl', '', 'xD', 'English', '', ''
'03.08.2022 11:13:28', 'chat', 'TheProKillerGirl', '', 'hus', 'English', '', ''
'03.08.2022 11:13:35', 'chat', 'TheProKillerGirl', '', 'kom ind og snak med mig!!!!!!', 'English', '', ''
'03.08.2022 11:13:38', 'chat', 'TheProKillerGirl', '', 'NUUUUUUUU', 'English', '', ''
'03.08.2022 12:58:15', 'chat', 'TheProKillerGirl', '', 'GroundZero0', 'English', '', ''
'03.08.2022 12:58:23', 'chat', 'TheProKillerGirl', '', 'NovaPhantom23', 'English', '', ''
'03.08.2022 12:58:35', 'chat', 'TheProKillerGirl', '', 'Daffylo', 'English', '', ''
'03.08.2022 12:58:41', 'chat', 'TheProKillerGirl', '', 'Tourde000', 'English', '', ''
'03.08.2022 12:58:45', 'chat', 'TheProKillerGirl', '', '_Clara2005', 'English', '', ''
'03.08.2022 12:59:11', 'chat', 'TheProKillerGirl', '', 'TCPCille', 'English', '', ''
'03.08.2022 12:59:21', 'chat', 'TheProKillerGirl', '', 'ultra_bot_dk', 'English', '', ''
'03.08.2022 12:59:29', 'chat', 'TheProKillerGirl', '', 'Chaskie', 'English', '', ''
'04.08.2022 11:09:22', 'chat', 'TheProKillerGirl', '', 'Im_Trofast', 'English', '', ''
'04.08.2022 11:38:15', 'chat', 'TheProKillerGirl', '', '7undo', 'English', '', ''
'04.08.2022 19:22:02', 'chat', 'TheProKillerGirl', '', 'ye..', 'English', '', ''
'04.08.2022 19:22:06', 'chat', 'TheProKillerGirl', '', 'kommer du ind og snakker med mig', 'English', '', ''
'04.08.2022 19:22:44', 'chat', 'TheProKillerGirl', '', ':(', 'English', '', ''
'04.08.2022 19:23:01', 'chat', 'TheProKillerGirl', '', 'kigger lige på videoen og ser om jeg kan bruge det der asttools i stedet', 'English', '', ''
'04.08.2022 19:23:05', 'chat', 'TheProKillerGirl', '', 'se det andet hus', 'English', '', ''
'04.08.2022 19:23:26', 'chat', 'TheProKillerGirl', '', 'altid xD', 'English', '', ''
'04.08.2022 20:15:41', 'chat', 'KatieDeForest', '', '-763 24', 'English', '', ''
'04.08.2022 20:25:55', 'chat', 'KatieDeForest', '', 'Bruh', 'English', '', ''
'04.08.2022 20:26:08', 'chat', 'KatieDeForest', '', 'Copy and paste with worldedit', 'English', '', ''
'04.08.2022 20:26:12', 'chat', 'KatieDeForest', '', 'On another plot', 'English', '', ''
'04.08.2022 21:06:30', 'chat', 'KatieDeForest', '', './/move stone up', 'English', '', ''
'05.08.2022 12:37:36', 'sign', 'TheProKillerGirl', '', 'a%FOLINES%%FOLINES%%FOLINES%', '', '', ''
'11.08.2022 20:42:37', 'chat', 'KatieDeForest', '', 'Meow', 'English', '', ''
'15.08.2022 21:18:11', 'chat', 'KatieDeForest', '', 'f', 'English', '', ''
